"lon","lat","company","location","industry","state","city"
-94.2088,36.3729,"Walmart","Bentonville, AR","General Merchandisers","AR","Bentonville"
-96.9489,32.814,"Exxon Mobil","Irving, TX","Petroleum Refining","TX","Irving"
-121.978,37.7799,"Chevron","San Ramon, CA","Petroleum Refining","CA","San Ramon"
-95.998,41.2524,"Berkshire Hathaway","Omaha, NE","Insurance: Property and Casualty (Stock)","NE","Omaha"
-122.032,37.323,"Apple","Cupertino, CA","Computers, Office Equipment","CA","Cupertino"
-83.0458,42.3314,"General Motors","Detroit, MI","Motor Vehicles and Parts","MI","Detroit"
-95.3698,29.7604,"Phillips 66","Houston, TX","Petroleum Refining","TX","Houston"
-73.2613,41.1408,"General Electric","Fairfield, CT","Diversified Financials","CT","Fairfield"
-83.1763,42.3223,"Ford Motor","Dearborn, MI","Motor Vehicles and Parts","MI","Dearborn"
-71.5148,42.0029,"CVS Health","Woonsocket, RI","Food and Drug Stores","RI","Woonsocket"
-122.419,37.7749,"McKesson","San Francisco, CA","Wholesalers: Health Care","CA","San Francisco"
-96.797,32.7767,"AT&T","Dallas, TX","Telecommunications","TX","Dallas"
-98.4936,29.4241,"Valero Energy","San Antonio, TX","Petroleum Refining","TX","San Antonio"
-93.4687,44.9212,"UnitedHealth Group","Minnetonka, MN","Health Care: Insurance and Managed Care","MN","Minnetonka"
-74.0059,40.7128,"Verizon","New York, NY","Telecommunications","NY","New York"
-75.4591,40.0757,"AmerisourceBergen","Chesterbrook, PA","Wholesalers: Health Care","PA","Chesterbrook"
-77.0369,38.9072,"Fannie Mae","Washington, DC","Diversified Financials","DC","Washington"
-122.033,47.5301,"Costco","Issaquah, WA","Specialty Retailers: Other","WA","Issaquah"
-122.143,37.4419,"HP","Palo Alto, CA","Computers, Office Equipment","CA","Palo Alto"
-84.512,39.1031,"Kroger","Cincinnati, OH","Food and Drug Stores","OH","Cincinnati"
-74.0059,40.7128,"JP Morgan Chase","New York, NY","Commercial Banks","NY","New York"
-90.1994,38.627,"Express Scripts Holding","St. Louis, MO","Health Care: Pharmacy and Other Services","MO","St. Louis"
-80.8431,35.2271,"Bank of America Corp.","Charlotte, NC","Commercial Banks","NC","Charlotte"
-73.714,41.1265,"IBM","Armonk, NY","Information Technology Services","NY","Armonk"
-83.6499,41.0442,"Marathon Petroleum","Findlay, OH","Petroleum Refining","OH","Findlay"
-83.1141,40.0992,"Cardinal Health","Dublin, OH","Wholesalers: Health Care","OH","Dublin"
-87.6298,41.8781,"Boeing","Chicago, IL","Aerospace and Defense","IL","Chicago"
-74.0059,40.7128,"Citigroup","New York, NY","Commercial Banks","NY","New York"
-122.332,47.6062,"Amazon.com","Seattle, WA","Internet Services and Retailing","WA","Seattle"
-122.419,37.7749,"Wells Fargo","San Francisco, CA","Commercial Banks","CA","San Francisco"
-122.122,47.674,"Microsoft","Redmond, WA","Computer Software","WA","Redmond"
-84.512,39.1031,"Procter & Gamble","Cincinnati, OH","Household and Personal Products","OH","Cincinnati"
-84.388,33.749,"Home Depot","Atlanta, GA","Specialty Retailers: Other","GA","Atlanta"
-87.6298,41.8781,"Archer Daniels Midland","Chicago, IL","Food Production","IL","Chicago"
-87.8445,42.1711,"Walgreens","Deerfield, IL","Food and Drug Stores","IL","Deerfield"
-93.265,44.9778,"Target","Minneapolis, MN","General Merchandisers","MN","Minneapolis"
-74.4518,40.4862,"Johnson & Johnson","New Brunswick, NJ","Pharmaceuticals","NJ","New Brunswick"
-86.1581,39.7684,"Anthem","Indianapolis, IN","Health Care: Insurance and Managed Care","IN","Indianapolis"
-74.0059,40.7128,"MetLife","New York, NY","Insurance: Life, Health (stock)","NY","New York"
-122.084,37.3861,"Google","Mountain View, CA","Internet Services and Retailing","CA","Mountain View"
-88.9937,40.4842,"State Farm Insurance Cos.","Bloomington, IL","Insurance: Property and Casualty (Mutual)","IL","Bloomington"
-77.1773,38.9339,"Freddie Mac","McLean, VA","Diversified Financials","VA","McLean"
-75.1652,39.9526,"Comcast","Philadelphia, PA","Telecommunications","PA","Philadelphia"
-73.7146,41.0409,"PepsiCo","Purchase, NY","Food Consumer Products","NY","Purchase"
-72.6851,41.7637,"United Technologies","Hartford, CT","Aerospace and Defense","CT","Hartford"
-74.0059,40.7128,"AIG","New York, NY","Insurance: Property and Casualty (Stock)","NY","New York"
-84.388,33.749,"UPS","Atlanta, GA","Mail, Package, and Freight Delivery","GA","Atlanta"
-84.2472,43.6156,"Dow Chemical","Midland, MI","Chemicals","MI","Midland"
-72.6851,41.7637,"Aetna","Hartford, CT","Health Care: Insurance and Managed Care","CT","Hartford"
-80.8101,35.5849,"Lowe's","Mooresville, NC","Specialty Retailers: Other","NC","Mooresville"
-95.3698,29.7604,"ConocoPhillips","Houston, TX","Mining, Crude-Oil Production","TX","Houston"
-121.955,37.3541,"Intel","Santa Clara, CA","Semiconductors and Other Electronic Components","CA","Santa Clara"
-96.797,32.7767,"Energy Transfer Equity","Dallas, TX","Pipelines","TX","Dallas"
-89.589,40.6936,"Caterpillar","Peoria, IL","Construction and Farm Machinery","IL","Peoria"
-74.1724,40.7357,"Prudential Financial","Newark, NJ","Insurance: Life, Health (stock)","NJ","Newark"
-74.0059,40.7128,"Pfizer","New York, NY","Pharmaceuticals","NY","New York"
-118.309,34.1808,"Disney","Burbank, CA","Entertainment","CA","Burbank"
-85.7585,38.2527,"Humana","Louisville, KY","Health Care: Insurance and Managed Care","KY","Louisville"
-95.3698,29.7604,"Enterprise Products Partners","Houston, TX","Pipelines","TX","Houston"
-121.886,37.3382,"Cisco Systems","San Jose, CA","Network and Other Communications Equipment","CA","San Jose"
-95.3698,29.7604,"Sysco","Houston, TX","Wholesalers: Food and Grocery","TX","Houston"
-117.868,33.7456,"Ingram Micro","Santa Ana, CA","Wholesalers: Electronics and Office Equipment","CA","Santa Ana"
-84.388,33.749,"Coca-Cola","Atlanta, GA","Beverages","GA","Atlanta"
-77.0947,38.9847,"Lockheed Martin","Bethesda, MD","Aerospace and Defense","MD","Bethesda"
-90.049,35.1495,"FedEx","Memphis, TN","Mail, Package, and Freight Delivery","TN","Memphis"
-87.9065,43.0389,"Johnson Controls","Milwaukee, WI","Motor Vehicles and Parts","WI","Milwaukee"
-95.3698,29.7604,"Plains GP Holdings","Houston, TX","Pipelines","TX","Houston"
-80.1918,25.7617,"World Fuel Services","Miami, FL","Wholesalers: Diversified","FL","Miami"
-93.0427,44.848,"CHS","Inver Grove Heights, MN","Food Production","MN","Inver Grove Heights"
-97.3308,32.7555,"American Airlines Group","Fort Worth, TX","Airlines","TX","Fort Worth"
-74.2907,40.6765,"Merck","Kenilworth, NJ","Pharmaceuticals","NJ","Kenilworth"
-93.283,44.8833,"Best Buy","Richfield, MN","Specialty Retailers: Other","MN","Richfield"
-84.388,33.749,"Delta Air Lines","Atlanta, GA","Airlines","GA","Atlanta"
-74.5053,40.7934,"Honeywell International","Morris Township, NJ","Electronics, Electrical Equip.","NJ","Morris Township"
-86.7816,36.1627,"HCA Holdings","Nashville, TN","Health Care: Medical Facilities","TN","Nashville"
-74.0059,40.7128,"Goldman Sachs Group","New York, NY","Commercial Banks","NY","New York"
-98.4936,29.4241,"Tesoro","San Antonio, TX","Petroleum Refining","TX","San Antonio"
-71.0589,42.3601,"Liberty Mutual Insurance Group","Boston, MA","Insurance: Property and Casualty (Stock)","MA","Boston"
-87.6298,41.8781,"United Continental Holdings","Chicago, IL","Airlines","IL","Chicago"
-74.0059,40.7128,"New York Life Insurance","New York, NY","Insurance: Life, Health (Mutual)","NY","New York"
-122.236,37.4852,"Oracle","Redwood City, CA","Computer Software","CA","Redwood City"
-74.0059,40.7128,"Morgan Stanley","New York, NY","Commercial Banks","NY","New York"
-94.1288,36.1867,"Tyson Foods","Springdale, AR","Food Production","AR","Springdale"
-121.875,37.6624,"Safeway","Pleasanton, CA","Food and Drug Stores","CA","Pleasanton"
-82.9988,39.9612,"Nationwide","Columbus, OH","Insurance: Property and Casualty (Mutual)","OH","Columbus"
-90.5151,41.5067,"Deere","Moline, IL","Construction and Farm Machinery","IL","Moline"
-75.5398,39.7391,"DuPont","Wilmington, DE","Chemicals","DE","Wilmington"
-74.0059,40.7128,"American Express","New York, NY","Commercial Banks","NY","New York"
-87.829,42.1275,"Allstate","Northbrook, IL","Insurance: Property and Casualty (Stock)","IL","Northbrook"
-72.7301,41.8265,"Cigna","Bloomfield, CT","Health Care: Insurance and Managed Care","CT","Bloomfield"
-87.8445,42.1711,"Mondelez International","Deerfield, IL","Food Consumer Products","IL","Deerfield"
-74.0059,40.7128,"TIAA-CREF","New York, NY","Insurance: Life, Health (Mutual)","NY","New York"
-74.0059,40.7128,"INTL FCStone","New York, NY","Diversified Financials","NY","New York"
-72.5898,42.1015,"Massachusetts Mutual Life Insurance","Springfield, MA","Insurance: Life, Health (Mutual)","MA","Springfield"
-118.416,33.9192,"DirecTV","El Segundo, CA","Telecommunications","CA","El Segundo"
-95.3698,29.7604,"Halliburton","Houston, TX","Oil and Gas Equipment, Services","TX","Houston"
-74.0059,40.7128,"Twenty-First Century Fox","New York, NY","Entertainment","NY","New York"
-93.09,44.9537,"3M","St. Paul, MN","zMiscellaneous","MN","St. Paul"
-88.1227,42.063,"Sears Holdings","Hoffman Estates, IL","General Merchandisers","IL","Hoffman Estates"
-77.1711,38.8823,"General Dynamics","Falls Church, VA","Aerospace and Defense","VA","Falls Church"
-81.9498,28.0395,"Publix Super Markets","Lakeland, FL","Food and Drug Stores","FL","Lakeland"
-74.0059,40.7128,"Philip Morris International","New York, NY","Tobacco","NY","New York"
-71.4162,42.2793,"TJX","Framingham, MA","Specialty Retailers: Apparel","MA","Framingham"
-74.0059,40.7128,"Time Warner","New York, NY","Entertainment","NY","New York"
-84.512,39.1031,"Macy's","Cincinnati, OH","General Merchandisers","OH","Cincinnati"
-122.804,45.4871,"Nike","Beaverton, OR","Apparel","OR","Beaverton"
-82.8001,27.9659,"Tech Data","Clearwater, FL","Wholesalers: Electronics and Office Equipment","FL","Clearwater"
-112.074,33.4484,"Avnet","Phoenix, AZ","Wholesalers: Electronics and Office Equipment","AZ","Phoenix"
-87.9065,43.0389,"Northwestern Mutual","Milwaukee, WI","Insurance: Life, Health (Mutual)","WI","Milwaukee"
-87.9536,41.8398,"McDonald's","Oak Brook, IL","Food Services","IL","Oak Brook"
-87.6298,41.8781,"Exelon","Chicago, IL","Utilities: Gas and Electric","IL","Chicago"
-74.0059,40.7128,"Travelers Cos.","New York, NY","Insurance: Property and Casualty (Stock)","NY","New York"
-117.161,32.7157,"Qualcomm","San Diego, CA","Network and Other Communications Equipment","CA","San Diego"
-90.049,35.1495,"International Paper","Memphis, TN","Packaging, Containers","TN","Memphis"
-95.3698,29.7604,"Occidental Petroleum","Houston, TX","Mining, Crude-Oil Production","TX","Houston"
-80.8431,35.2271,"Duke Energy","Charlotte, NC","Utilities: Gas and Electric","NC","Charlotte"
-76.92,40.2398,"Rite Aid","Camp Hill, PA","Food and Drug Stores","PA","Camp Hill"
-122.271,37.5585,"Gilead Sciences","Foster City, CA","Pharmaceuticals","CA","Foster City"
-95.3698,29.7604,"Baker Hughes","Houston, TX","Oil and Gas Equipment, Services","TX","Houston"
-90.1994,38.627,"Emerson Electric","St. Louis, MO","Electronics, Electrical Equip.","MO","St. Louis"
-71.5226,42.2287,"EMC","Hopkinton, MA","Computer Peripherals","MA","Hopkinton"
-98.4936,29.4241,"USAA","San Antonio, TX","Insurance: Property and Casualty (Stock)","TX","San Antonio"
-95.998,41.2524,"Union Pacific","Omaha, NE","Railroads","NE","Omaha"
-77.1711,38.8823,"Northrop Grumman","Falls Church, VA","Aerospace and Defense","VA","Falls Church"
-74.0059,40.7128,"Alcoa","New York, NY","Metals","NY","New York"
-77.1773,38.9339,"Capital One Financial","McLean, VA","Commercial Banks","VA","McLean"
-95.3698,29.7604,"National Oilwell Varco","Houston, TX","Oil and Gas Equipment, Services","TX","Houston"
-87.8722,41.9868,"US Foods","Rosemont, IL","Wholesalers: Food and Grocery","IL","Rosemont"
-71.2356,42.3765,"Raytheon","Waltham, MA","Aerospace and Defense","MA","Waltham"
-74.0059,40.7128,"Time Warner Cable","New York, NY","Telecommunications","NY","New York"
-104.877,39.5807,"Arrow Electronics","Centennial, CO","Wholesalers: Electronics and Office Equipment","CO","Centennial"
-84.9877,32.461,"Aflac","Columbus, GA","Insurance: Life, Health (stock)","GA","Columbus"
-71.4162,42.2793,"Staples","Framingham, MA","Specialty Retailers: Other","MA","Framingham"
-87.8961,42.3045,"Abbott Laboratories","Abbott Park, IL","Medical Products and Equipment","IL","Abbott Park"
-86.8689,35.9251,"Community Health Systems","Franklin, TN","Health Care: Medical Facilities","TN","Franklin"
-96.9489,32.814,"Fluor","Irving, TX","Engineering, Construction","TX","Irving"
-112.074,33.4484,"Freeport-McMoRan","Phoenix, AZ","Mining, Crude-Oil Production","AZ","Phoenix"
-93.265,44.9778,"U.S. Bancorp","Minneapolis, MN","Commercial Banks","MN","Minneapolis"
-80.8431,35.2271,"Nucor","Charlotte, NC","Metals","NC","Charlotte"
-96.9489,32.814,"Kimberly-Clark","Irving, TX","Household and Personal Products","TX","Irving"
-74.0059,40.7128,"Hess","New York, NY","Petroleum Refining","NY","New York"
-97.5164,35.4676,"Chesapeake Energy","Oklahoma City, OK","Mining, Crude-Oil Production","OK","Oklahoma City"
-73.4082,41.1177,"Xerox","Norwalk, CT","Information Technology Services","CT","Norwalk"
-87.9065,43.0389,"ManpowerGroup","Milwaukee, WI","Temporary Help","WI","Milwaukee"
-118.838,34.1706,"Amgen","Thousand Oaks, CA","Pharmaceuticals","CA","Thousand Oaks"
-87.8412,42.3256,"AbbVie","North Chicago, IL","Pharmaceuticals","IL","North Chicago"
-77.0369,38.9072,"Danaher","Washington, DC","Scientific,Photographic and Control Equipment","DC","Washington"
-86.4542,42.1167,"Whirlpool","Benton Harbor, MI","Electronics, Electrical Equip.","MI","Benton Harbor"
-74.4174,40.8653,"PBF Energy","Parsippany, NJ","Petroleum Refining","NJ","Parsippany"
-96.797,32.7767,"HollyFrontier","Dallas, TX","Petroleum Refining","TX","Dallas"
-86.1581,39.7684,"Eli Lilly","Indianapolis, IN","Pharmaceuticals","IN","Indianapolis"
-97.5164,35.4676,"Devon Energy","Oklahoma City, OK","Mining, Crude-Oil Production","OK","Oklahoma City"
-81.4393,41.552,"Progressive","Mayfield Village, OH","Insurance: Property and Casualty (Stock)","OH","Mayfield Village"
-85.9214,39.2014,"Cummins","Columbus, IN","Construction and Farm Machinery","IN","Columbus"
-74.0059,40.7128,"Icahn Enterprises","New York, NY","Petroleum Refining","NY","New York"
-80.1373,26.1224,"AutoNation","Fort Lauderdale, FL","Automotive Retailing, Services","FL","Fort Lauderdale"
-88.1173,43.1789,"Kohl's","Menomonee Falls, WI","General Merchandisers","WI","Menomonee Falls"
-122.201,47.6104,"Paccar","Bellevue, WA","Motor Vehicles and Parts","WA","Bellevue"
-86.7133,36.3231,"Dollar General","Goodlettsville, TN","General Merchandisers","TN","Goodlettsville"
-72.6851,41.7637,"Hartford Financial Services Group","Hartford, CT","Insurance: Property and Casualty (Stock)","CT","Hartford"
-96.797,32.7767,"Southwest Airlines","Dallas, TX","Airlines","TX","Dallas"
-95.4613,30.1658,"Anadarko Petroleum","The Woodlands, TX","Mining, Crude-Oil Production","TX","The Woodlands"
-84.388,33.749,"Southern","Atlanta, GA","Utilities: Gas and Electric","GA","Atlanta"
-93.4708,44.8547,"Supervalu","Eden Prairie, MN","Food and Drug Stores","MN","Eden Prairie"
-87.7809,42.0998,"Kraft Foods Group","Northfield, IL","Food Consumer Products","IL","Northfield"
-81.519,41.0814,"Goodyear Tire & Rubber","Akron, OH","Motor Vehicles and Parts","OH","Akron"
-95.3698,29.7604,"EOG Resources","Houston, TX","Mining, Crude-Oil Production","TX","Houston"
-92.1193,32.5093,"CenturyLink","Monroe, LA","Telecommunications","LA","Monroe"
-77.436,37.5407,"Altria Group","Richmond, VA","Tobacco","VA","Richmond"
-96.797,32.7767,"Tenet Healthcare","Dallas, TX","Health Care: Medical Facilities","TX","Dallas"
-93.265,44.9778,"General Mills","Minneapolis, MN","Food Consumer Products","MN","Minneapolis"
-121.886,37.3382,"eBay","San Jose, CA","Internet Services and Retailing","CA","San Jose"
-95.998,41.2524,"ConAgra Foods","Omaha, NE","Food Consumer Products","NE","Omaha"
-83.2219,42.4734,"Lear","Southfield, MI","Motor Vehicles and Parts","MI","Southfield"
-83.3527,42.3684,"TRW Automotive Holdings","Livonia, MI","Motor Vehicles and Parts","MI","Livonia"
-79.9959,40.4406,"United States Steel","Pittsburgh, PA","Metals","PA","Pittsburgh"
-83.2455,42.5836,"Penske Automotive Group","Bloomfield Hills, MI","Automotive Retailing, Services","MI","Bloomfield Hills"
-77.1068,38.88,"AES","Arlington, VA","Utilities: Gas and Electric","VA","Arlington"
-74.0059,40.7128,"Colgate-Palmolive","New York, NY","Household and Personal Products","NY","New York"
-71.2356,42.3765,"Global Partners","Waltham, MA","Wholesalers: Diversified","MA","Waltham"
-71.2356,42.3765,"Thermo Fisher Scientific","Waltham, MA","Scientific,Photographic and Control Equipment","MA","Waltham"
-122.419,37.7749,"PG&E Corp.","San Francisco, CA","Utilities: Gas and Electric","CA","San Francisco"
-80.0534,26.8798,"NextEra Energy","Juno Beach, FL","Utilities: Gas and Electric","FL","Juno Beach"
-82.9988,39.9612,"American Electric Power","Columbus, OH","Utilities: Gas and Electric","OH","Columbus"
-87.8445,42.1711,"Baxter International","Deerfield, IL","Medical Products and Equipment","IL","Deerfield"
-90.1994,38.627,"Centene","St. Louis, MO","Health Care: Insurance and Managed Care","MO","St. Louis"
-122.332,47.6062,"Starbucks","Seattle, WA","Food Services","WA","Seattle"
-122.419,37.7749,"Gap","San Francisco, CA","Specialty Retailers: Apparel","CA","San Francisco"
-74.0059,40.7128,"Bank of New York Mellon Corp.","New York, NY","Commercial Banks","NY","New York"
-116.215,43.6187,"Micron Technology","Boise, ID","Semiconductors and Other Electronic Components","ID","Boise"
-82.64,27.7731,"Jabil Circuit","St. Petersburg, FL","Semiconductors and Other Electronic Components","FL","St. Petersburg"
-79.9959,40.4406,"PNC Financial Services Group","Pittsburgh, PA","Commercial Banks","PA","Pittsburgh"
-95.3698,29.7604,"Kinder Morgan","Houston, TX","Pipelines","TX","Houston"
-80.1289,26.3683,"Office Depot","Boca Raton, FL","Specialty Retailers: Other","FL","Boca Raton"
-74.0059,40.7128,"Bristol-Myers Squibb","New York, NY","Pharmaceuticals","NY","New York"
-74.6672,40.3573,"NRG Energy","Princeton, NJ","Energy","NJ","Princeton"
-90.1994,38.627,"Monsanto","St. Louis, MO","Chemicals","MO","St. Louis"
-79.9959,40.4406,"PPG Industries","Pittsburgh, PA","Chemicals","PA","Pittsburgh"
-84.388,33.749,"Genuine Parts","Atlanta, GA","Wholesalers: Diversified","GA","Atlanta"
-74.0059,40.7128,"Omnicom Group","New York, NY","Advertising, marketing","NY","New York"
-87.7878,42.0698,"Illinois Tool Works","Glenview, IL","Industrial Machinery","IL","Glenview"
-92.6663,33.2076,"Murphy USA","El Dorado, AR","Specialty Retailers: Other","AR","El Dorado"
-93.1566,45.0502,"Land O'Lakes","Arden Hills, MN","Food Consumer Products","MN","Arden Hills"
-106.442,31.7776,"Western Refining","El Paso, TX","Petroleum Refining","TX","El Paso"
-117.795,33.6839,"Western Digital","Irvine, CA","Computer Peripherals","CA","Irvine"
-81.519,41.0814,"FirstEnergy","Akron, OH","Utilities: Gas and Electric","OH","Akron"
-75.1652,39.9526,"Aramark","Philadelphia, PA","Diversified Outsourcing Services","PA","Philadelphia"
-104.988,39.6478,"DISH Network","Englewood, CO","Telecommunications","CO","Englewood"
-115.14,36.1699,"Las Vegas Sands","Las Vegas, NV","Hotels, Casinos, Resorts","NV","Las Vegas"
-85.1797,42.3212,"Kellogg","Battle Creek, MI","Food Consumer Products","MI","Battle Creek"
-74.0059,40.7128,"Loews","New York, NY","Insurance: Property and Casualty (Stock)","NY","New York"
-74.0059,40.7128,"CBS","New York, NY","Entertainment","NY","New York"
-93.09,44.9537,"Ecolab","St. Paul, MN","Chemicals","MN","St. Paul"
-97.7431,30.2672,"Whole Foods Market","Austin, TX","Food and Drug Stores","TX","Austin"
-74.5005,40.6342,"Chubb","Warren, NJ","Insurance: Property and Casualty (Stock)","NJ","Warren"
-118.609,34.1654,"Health Net","Woodland Hills, CA","Health Care: Insurance and Managed Care","CA","Woodland Hills"
-95.3698,29.7604,"Waste Management","Houston, TX","Waste Management","TX","Houston"
-95.3698,29.7604,"Apache","Houston, TX","Mining, Crude-Oil Production","TX","Houston"
-71.4128,41.824,"Textron","Providence, RI","Aerospace and Defense","RI","Providence"
-121.989,37.5483,"Synnex","Fremont, CA","Wholesalers: Electronics and Office Equipment","CA","Fremont"
-77.0947,38.9847,"Marriott International","Bethesda, MD","Hotels, Casinos, Resorts","MD","Bethesda"
-74.0059,40.7128,"Viacom","New York, NY","Entertainment","NY","New York"
-75.3599,40.0462,"Lincoln National","Radnor, PA","Insurance: Life, Health (stock)","PA","Radnor"
-122.332,47.6062,"Nordstrom","Seattle, WA","General Merchandisers","WA","Seattle"
-93.4708,44.8547,"C.H. Robinson Worldwide","Eden Prairie, MN","Transportation and Logistics","MN","Eden Prairie"
-118.073,34.0806,"Edison International","Rosemead, CA","Utilities: Gas and Electric","CA","Rosemead"
-95.3698,29.7604,"Marathon Oil","Houston, TX","Mining, Crude-Oil Production","TX","Houston"
-85.7585,38.2527,"Yum Brands","Louisville, KY","Food Services","KY","Louisville"
-77.1711,38.8823,"Computer Sciences","Falls Church, VA","Information Technology Services","VA","Falls Church"
-81.6944,41.4993,"Parker-Hannifin","Cleveland, OH","Industrial Machinery","OH","Cleveland"
-104.99,39.7392,"DaVita HealthCare Partners","Denver, CO","Health Care: Medical Facilities","CO","Denver"
-77.436,37.5407,"CarMax","Richmond, VA","Automotive Retailing, Services","VA","Richmond"
-96.797,32.7767,"Texas Instruments","Dallas, TX","Semiconductors and Other Electronic Components","TX","Dallas"
-82.4572,27.9506,"WellCare Health Plans","Tampa, FL","Health Care: Insurance and Managed Care","FL","Tampa"
-74.0059,40.7128,"Marsh & McLennan","New York, NY","Diversified Financials","NY","New York"
-74.0059,40.7128,"Consolidated Edison","New York, NY","Utilities: Gas and Electric","NY","New York"
-95.9928,36.154,"Oneok","Tulsa, OK","Pipelines","OK","Tulsa"
-122.271,37.5585,"Visa","Foster City, CA","Financial Data Services","CA","Foster City"
-118.145,34.1478,"Jacobs Engineering Group","Pasadena, CA","Engineering, Construction","CA","Pasadena"
-81.6557,30.3322,"CSX","Jacksonville, FL","Railroads","FL","Jacksonville"
-90.0715,29.9511,"Entergy","New Orleans, LA","Utilities: Gas and Electric","LA","New Orleans"
-122.182,37.453,"Facebook","Menlo Park, CA","Internet Services and Retailing","CA","Menlo Park"
-77.436,37.5407,"Dominion Resources","Richmond, VA","Utilities: Gas and Electric","VA","Richmond"
-74.0059,40.7128,"Leucadia National","New York, NY","Food Production","NY","New York"
-74.2765,40.9254,"Toys ""R"" Us","Wayne, NJ","Specialty Retailers: Other","NJ","Wayne"
-83.0458,42.3314,"DTE Energy","Detroit, MI","Utilities: Gas and Electric","MI","Detroit"
-93.265,44.9778,"Ameriprise Financial","Minneapolis, MN","Diversified Financials","MN","Minneapolis"
-79.792,36.0726,"VF","Greensboro, NC","Apparel","NC","Greensboro"
-73.454,41.3948,"Praxair","Danbury, CT","Chemicals","CT","Danbury"
-96.6989,33.0198,"J.C. Penney","Plano, TX","General Merchandisers","TX","Plano"
-74.2938,40.8207,"Automatic Data Processing","Roseland, NJ","Diversified Outsourcing Services","NJ","Roseland"
-74.0059,40.7128,"L-3 Communications","New York, NY","Aerospace and Defense","NY","New York"
-87.9654,42.2393,"CDW","Vernon Hills, IL","Information Technology Services","IL","Vernon Hills"
-74.0059,40.7128,"Guardian Life Ins. Co. of America","New York, NY","Insurance: Life, Health (Mutual)","NY","New York"
-93.265,44.9778,"Xcel Energy","Minneapolis, MN","Utilities: Gas and Electric","MN","Minneapolis"
-76.2859,36.8508,"Norfolk Southern","Norfolk, VA","Railroads","VA","Norfolk"
-75.4902,40.6084,"PPL","Allentown, PA","Utilities: Gas and Electric","PA","Allentown"
-87.6298,41.8781,"R.R. Donnelley & Sons","Chicago, IL","Publishing, Printing","IL","Chicago"
-111.891,40.7608,"Huntsman","Salt Lake City, UT","Chemicals","UT","Salt Lake City"
-74.2632,40.6976,"Bed Bath & Beyond","Union, NJ","Specialty Retailers: Other","NJ","Union"
-72.7795,41.6612,"Stanley Black & Decker","New Britain, CT","Home Equipment, Furnishings","CT","New Britain"
-82.9988,39.9612,"L Brands","Columbus, OH","Specialty Retailers: Apparel","OH","Columbus"
-104.988,39.6478,"Liberty Interactive","Englewood, CO","Internet Services and Retailing","CO","Englewood"
-118.609,34.1654,"Farmers Insurance Exchange","Woodland Hills, CA","Insurance: Property and Casualty (Mutual)","CA","Woodland Hills"
-84.388,33.749,"First Data","Atlanta, GA","Financial Data Services","GA","Atlanta"
-81.6944,41.4993,"Sherwin-Williams","Cleveland, OH","Chemicals","OH","Cleveland"
-74.0059,40.7128,"BlackRock","New York, NY","Securities","NY","New York"
-74.0059,40.7128,"Voya Financial","New York, NY","Insurance: Life, Health (stock)","NY","New York"
-121.936,37.7022,"Ross Stores","Dublin, CA","Specialty Retailers: Apparel","CA","Dublin"
-117.161,32.7157,"Sempra Energy","San Diego, CA","Utilities: Gas and Electric","CA","San Diego"
-74.0059,40.7128,"Estee Lauder","New York, NY","Household and Personal Products","NY","New York"
-79.9959,40.4406,"H.J. Heinz","Pittsburgh, PA","Food Consumer Products","PA","Pittsburgh"
-90.5771,38.6631,"Reinsurance Group of America","Chesterfield, MO","Insurance: Life, Health (stock)","MO","Chesterfield"
-74.1724,40.7357,"Public Service Enterprise Group","Newark, NJ","Utilities: Gas and Electric","NJ","Newark"
-95.3698,29.7604,"Cameron International","Houston, TX","Oil and Gas Equipment, Services","TX","Houston"
-88.0748,41.8011,"Navistar International","Lisle, IL","Motor Vehicles and Parts","IL","Lisle"
-98.4936,29.4241,"CST Brands","San Antonio, TX","Specialty Retailers: Other","TX","San Antonio"
-71.0589,42.3601,"State Street Corp.","Boston, MA","Commercial Banks","MA","Boston"
-85.3097,35.0456,"Unum Group","Chattanooga, TN","Insurance: Life, Health (stock)","TN","Chattanooga"
-77.1773,38.9339,"Hilton Worldwide Holdings","McLean, VA","Hotels, Casinos, Resorts","VA","McLean"
-80.7237,35.1168,"Family Dollar Stores","Matthews, NC","General Merchandisers","NC","Matthews"
-93.6091,41.6005,"Principal Financial","Des Moines, IA","Insurance: Life, Health (stock)","IA","Des Moines"
-118.244,34.0522,"Reliance Steel & Aluminum","Los Angeles, CA","Metals","CA","Los Angeles"
-75.4902,40.6084,"Air Products & Chemicals","Allentown, PA","Chemicals","PA","Allentown"
-74.0059,40.7128,"Assurant","New York, NY","Insurance: Property and Casualty (Stock)","NY","New York"
-95.998,41.2524,"Peter Kiewit Sons'","Omaha, NE","Engineering, Construction","NE","Omaha"
-73.4151,40.7934,"Henry Schein","Melville, NY","Wholesalers: Health Care","NY","Melville"
-74.0117,40.8932,"Cognizant Technology Solutions","Teaneck, NJ","Information Technology Services","NJ","Teaneck"
-115.14,36.1699,"MGM Resorts International","Las Vegas, NV","Hotels, Casinos, Resorts","NV","Las Vegas"
-87.8406,42.2586,"W.W. Grainger","Lake Forest, IL","Wholesalers: Diversified","IL","Lake Forest"
-95.3698,29.7604,"Group 1 Automotive","Houston, TX","Automotive Retailing, Services","TX","Houston"
-80.2442,36.0999,"BB&T Corp.","Winston-Salem, NC","Commercial Banks","NC","Winston-Salem"
-84.2135,33.9412,"Rock-Tenn","Norcross, GA","Packaging, Containers","GA","Norcross"
-79.9414,37.271,"Advance Auto Parts","Roanoke, VA","Specialty Retailers: Other","VA","Roanoke"
-83.0458,42.3314,"Ally Financial","Detroit, MI","Commercial Banks","MI","Detroit"
-84.1446,34.0029,"AGCO","Duluth, GA","Construction and Farm Machinery","GA","Duluth"
-77.0547,42.1429,"Corning","Corning, NY","Network and Other Communications Equipment","NY","Corning"
-71.1097,42.3736,"Biogen","Cambridge, MA","Pharmaceuticals","MA","Cambridge"
-95.9928,36.154,"NGL Energy Partners","Tulsa, OK","Wholesalers: Diversified","OK","Tulsa"
-85.5872,42.2917,"Stryker","Kalamazoo, MI","Medical Products and Equipment","MI","Kalamazoo"
-118.194,33.7701,"Molina Healthcare","Long Beach, CA","Health Care: Insurance and Managed Care","CA","Long Beach"
-122.676,45.5231,"Precision Castparts","Portland, OR","Aerospace and Defense","OR","Portland"
-87.897,42.1675,"Discover Financial Services","Riverwoods, IL","Commercial Banks","IL","Riverwoods"
-77.436,37.5407,"Genworth Financial","Richmond, VA","Insurance: Life, Health (stock)","VA","Richmond"
-82.5618,36.5484,"Eastman Chemical","Kingsport, TN","Chemicals","TN","Kingsport"
-96.797,32.7767,"Dean Foods","Dallas, TX","Food Consumer Products","TX","Dallas"
-90.049,35.1495,"AutoZone","Memphis, TN","Specialty Retailers: Other","TN","Memphis"
-73.7146,41.0409,"MasterCard","Purchase, NY","Financial Data Services","NY","Purchase"
-77.3733,37.6088,"Owens & Minor","Mechanicsville, VA","Wholesalers: Health Care","VA","Mechanicsville"
-92.9746,43.6666,"Hormel Foods","Austin, MN","Food Consumer Products","MN","Austin"
-97.0781,32.9343,"GameStop","Grapevine, TX","Specialty Retailers: Other","TX","Grapevine"
-83.2341,42.6875,"Autoliv","Auburn Hills, MI","Motor Vehicles and Parts","MI","Auburn Hills"
-95.3698,29.7604,"CenterPoint Energy","Houston, TX","Utilities: Gas and Electric","TX","Houston"
-81.6557,30.3322,"Fidelity National Financial","Jacksonville, FL","Insurance: Property and Casualty (Stock)","FL","Jacksonville"
-80.8431,35.2271,"Sonic Automotive","Charlotte, NC","Automotive Retailing, Services","NC","Charlotte"
-84.388,33.749,"HD Supply Holdings","Atlanta, GA","Wholesalers: Diversified","GA","Atlanta"
-73.5387,41.0534,"Charter Communications","Stamford, CT","Telecommunications","CT","Stamford"
-75.1652,39.9526,"Crown Holdings","Philadelphia, PA","Packaging, Containers","PA","Philadelphia"
-121.955,37.3541,"Applied Materials","Santa Clara, CA","Semiconductors and Other Electronic Components","CA","Santa Clara"
-93.4555,45.0105,"Mosaic","Plymouth, MN","Chemicals","MN","Plymouth"
-118.244,34.0522,"CBRE Group","Los Angeles, CA","Real estate","CA","Los Angeles"
-74.0059,40.7128,"Avon Products","New York, NY","Household and Personal Products","NY","New York"
-112.074,33.4484,"Republic Services","Phoenix, AZ","Waste Management","AZ","Phoenix"
-75.3836,40.1013,"Universal Health Services","King of Prussia, PA","Health Care: Medical Facilities","PA","King of Prussia"
-81.3792,28.5383,"Darden Restaurants","Orlando, FL","Food Services","FL","Orlando"
-85.1394,41.0793,"Steel Dynamics","Fort Wayne, IN","Metals","IN","Fort Wayne"
-84.388,33.749,"SunTrust Banks","Atlanta, GA","Commercial Banks","GA","Atlanta"
-115.14,36.1699,"Caesars Entertainment","Las Vegas, NV","Hotels, Casinos, Resorts","NV","Las Vegas"
-95.3698,29.7604,"Targa Resources","Houston, TX","Pipelines","TX","Houston"
-76.2875,36.7682,"Dollar Tree","Chesapeake, VA","Specialty Retailers: Other","VA","Chesapeake"
-74.0059,40.7128,"News Corp.","New York, NY","Publishing, Printing","NY","New York"
-105.087,39.9205,"Ball","Broomfield, CO","Packaging, Containers","CO","Broomfield"
-93.265,44.9778,"Thrivent Financial for Lutherans","Minneapolis, MN","Insurance: Life, Health (Mutual)","MN","Minneapolis"
-83.2697,42.2409,"Masco","Taylor, MI","Home Equipment, Furnishings","MI","Taylor"
-122.326,37.563,"Franklin Resources","San Mateo, CA","Securities","CA","San Mateo"
-74.4174,40.8653,"Avis Budget Group","Parsippany, NJ","Automotive Retailing, Services","NJ","Parsippany"
-80.2442,36.0999,"Reynolds American","Winston-Salem, NC","Tobacco","NC","Winston-Salem"
-74.2057,41.0168,"Becton Dickinson","Franklin Lakes, NJ","Medical Products and Equipment","NJ","Franklin Lakes"
-73.4082,41.1177,"Priceline Group","Norwalk, CT","Internet Services and Retailing","CT","Norwalk"
-117.795,33.6839,"Broadcom","Irvine, CA","Semiconductors and Other Electronic Components","CA","Irvine"
-87.8406,42.2586,"Tenneco","Lake Forest, IL","Motor Vehicles and Parts","IL","Lake Forest"
-75.1196,39.9259,"Campbell Soup","Camden, NJ","Food Consumer Products","NJ","Camden"
-118.244,34.0522,"AECOM","Los Angeles, CA","Engineering, Construction","CA","Los Angeles"
-83.4838,42.2203,"Visteon","Van Buren Township, MI","Motor Vehicles and Parts","MI","Van Buren Township"
-86.7828,36.0331,"Delek US Holdings","Brentwood, TN","Petroleum Refining","TN","Brentwood"
-88.0112,41.8089,"Dover","Downers Grove, IL","Industrial Machinery","IL","Downers Grove"
-83.2341,42.6875,"BorgWarner","Auburn Hills, MI","Motor Vehicles and Parts","MI","Auburn Hills"
-80.1289,26.3683,"Jarden","Boca Raton, FL","Home Equipment, Furnishings","FL","Boca Raton"
-75.3836,40.1013,"UGI","King of Prussia, PA","Energy","PA","King of Prussia"
-92.6663,33.2076,"Murphy Oil","El Dorado, AR","Mining, Crude-Oil Production","AR","El Dorado"
-74.0059,40.7128,"PVH","New York, NY","Apparel","NY","New York"
-122.408,37.6547,"Core-Mark Holding","South San Francisco, CA","Wholesalers: Food and Grocery","CA","South San Francisco"
-95.3698,29.7604,"Calpine","Houston, TX","Energy","TX","Houston"
-97.3308,32.7555,"D.R. Horton","Fort Worth, TX","Homebuilders","TX","Fort Worth"
-122.313,47.3223,"Weyerhaeuser","Federal Way, WA","Forest and Paper Products","WA","Federal Way"
-74.0059,40.7128,"KKR","New York, NY","Securities","NY","New York"
-95.3698,29.7604,"FMC Technologies","Houston, TX","Oil and Gas Equipment, Services","TX","Houston"
-89.4012,43.0731,"American Family Insurance Group","Madison, WI","Insurance: Property and Casualty (Stock)","WI","Madison"
-85.6681,42.9634,"SpartanNash","Grand Rapids, MI","Wholesalers: Food and Grocery","MI","Grand Rapids"
-79.9959,40.4406,"WESCO International","Pittsburgh, PA","Wholesalers: Diversified","PA","Pittsburgh"
-95.3698,29.7604,"Quanta Services","Houston, TX","Engineering, Construction","TX","Houston"
-84.9511,34.5026,"Mohawk Industries","Calhoun, GA","zMiscellaneous","GA","Calhoun"
-88.0834,42.0334,"Motorola Solutions","Schaumburg, IL","Network and Other Communications Equipment","IL","Schaumburg"
-80.1918,25.7617,"Lennar","Miami, FL","Homebuilders","FL","Miami"
-81.9179,41.4553,"TravelCenters of America","Westlake, OH","Specialty Retailers: Other","OH","Westlake"
-80.8431,35.2271,"Sealed Air","Charlotte, NC","Packaging, Containers","NC","Charlotte"
-72.5898,42.1015,"Eversource Energy","Springfield, MA","Utilities: Gas and Electric","MA","Springfield"
-84.388,33.749,"Coca-Cola Enterprises","Atlanta, GA","Beverages","GA","Atlanta"
-74.3646,40.7146,"Celgene","Summit, NJ","Pharmaceuticals","NJ","Summit"
-95.9928,36.154,"Williams","Tulsa, OK","Energy","OK","Tulsa"
-84.5086,39.0837,"Ashland","Covington, KY","Chemicals","KY","Covington"
-74.0059,40.7128,"Interpublic Group","New York, NY","Advertising, marketing","NY","New York"
-74.0059,40.7128,"Blackstone Group","New York, NY","Diversified Financials","NY","New York"
-74.0059,40.7128,"Ralph Lauren","New York, NY","Apparel","NY","New York"
-74.4171,40.7598,"Quest Diagnostics","Madison, NJ","Health Care: Pharmacy and Other Services","NJ","Madison"
-76.6502,40.2859,"Hershey","Hershey, PA","Food Consumer Products","PA","Hershey"
-73.3579,41.1415,"Terex","Westport, CT","Construction and Farm Machinery","CT","Westport"
-71.5523,42.3459,"Boston Scientific","Marlborough, MA","Medical Products and Equipment","MA","Marlborough"
-104.951,39.6172,"Newmont Mining","Greenwood Village, CO","Mining, Crude-Oil Production","CO","Greenwood Village"
-117.795,33.6839,"Allergan","Irvine, CA","Pharmaceuticals","CA","Irvine"
-93.2923,37.209,"O'Reilly Automotive","Springfield, MO","Specialty Retailers: Other","MO","Springfield"
-93.6001,41.7318,"Casey's General Stores","Ankeny, IA","Specialty Retailers: Other","IA","Ankeny"
-84.4013,42.2459,"CMS Energy","Jackson, MI","Utilities: Gas and Electric","MI","Jackson"
-74.0059,40.7128,"Foot Locker","New York, NY","Specialty Retailers: Apparel","NY","New York"
-73.6282,41.0262,"W.R. Berkley","Greenwich, CT","Insurance: Property and Casualty (Stock)","CT","Greenwich"
-112.074,33.4484,"PetSmart","Phoenix, AZ","Specialty Retailers: Other","AZ","Phoenix"
-117.929,33.6189,"Pacific Life","Newport Beach, CA","Insurance: Life, Health (stock)","CA","Newport Beach"
-96.9489,32.814,"Commercial Metals","Irving, TX","Metals","TX","Irving"
-121.955,37.3541,"Agilent Technologies","Santa Clara, CA","Scientific,Photographic and Control Equipment","CA","Santa Clara"
-76.473,37.0871,"Huntington Ingalls Industries","Newport News, VA","Aerospace and Defense","VA","Newport News"
-95.998,41.2524,"Mutual of Omaha Insurance","Omaha, NE","Insurance: Life, Health (stock)","NE","Omaha"
-118.4,34.0736,"Live Nation Entertainment","Beverly Hills, CA","Entertainment","CA","Beverly Hills"
-80.1667,40.5184,"Dick's Sporting Goods","Coraopolis, PA","Specialty Retailers: Other","PA","Coraopolis"
-88.5426,44.0247,"Oshkosh","Oshkosh, WI","Motor Vehicles and Parts","WI","Oshkosh"
-96.9489,32.814,"Celanese","Irving, TX","Chemicals","TX","Irving"
-97.3361,37.6889,"Spirit AeroSystems Holdings","Wichita, KS","Aerospace and Defense","KS","Wichita"
-71.4128,41.824,"United Natural Foods","Providence, RI","Wholesalers: Food and Grocery","RI","Providence"
-90.1994,38.627,"Peabody Energy","St. Louis, MO","Mining, Crude-Oil Production","MO","St. Louis"
-83.6272,41.557,"Owens-Illinois","Perrysburg, OH","Packaging, Containers","OH","Perrysburg"
-92.2896,34.7465,"Dillard's","Little Rock, AR","General Merchandisers","AR","Little Rock"
-105.087,39.9205,"Level 3 Communications","Broomfield, CO","Telecommunications","CO","Broomfield"
-78.7811,35.7915,"Pantry","Cary, NC","Specialty Retailers: Other","NC","Cary"
-87.6298,41.8781,"LKQ","Chicago, IL","Wholesalers: Diversified","IL","Chicago"
-87.6298,41.8781,"Integrys Energy Group","Chicago, IL","Utilities: Gas and Electric","IL","Chicago"
-122.084,37.3861,"Symantec","Mountain View, CA","Computer Software","CA","Mountain View"
-95.3698,29.7604,"Buckeye Partners","Houston, TX","Pipelines","TX","Houston"
-80.1918,25.7617,"Ryder System","Miami, FL","Trucking, Truck Leasing","FL","Miami"
-121.9,37.4323,"SanDisk","Milpitas, CA","Semiconductors and Other Electronic Components","CA","Milpitas"
-87.9065,43.0389,"Rockwell Automation","Milwaukee, WI","Electronics, Electrical Equip.","WI","Milwaukee"
-83.6538,41.5628,"Dana Holding","Maumee, OH","Motor Vehicles and Parts","OH","Maumee"
-94.6708,38.9822,"Lansing Trade Group","Overland Park, KS","Wholesalers: Diversified","KS","Overland Park"
-84.1446,34.0029,"NCR","Duluth, GA","Computers, Office Equipment","GA","Duluth"
-122.332,47.6062,"Expeditors International of Washington","Seattle, WA","Transportation and Logistics","WA","Seattle"
-84.512,39.1031,"Omnicare","Cincinnati, OH","Health Care: Pharmacy and Other Services","OH","Cincinnati"
-84.4173,39.3321,"AK Steel Holding","West Chester, OH","Metals","OH","West Chester"
-84.512,39.1031,"Fifth Third Bancorp","Cincinnati, OH","Commercial Banks","OH","Cincinnati"
-94.7152,39.0228,"Seaboard","Shawnee Mission, KS","Food Production","KS","Shawnee Mission"
-87.3328,41.4828,"NiSource","Merrillville, IN","Utilities: Gas and Electric","IN","Merrillville"
-73.4821,40.7443,"Cablevision Systems","Bethpage, NY","Telecommunications","NY","Bethpage"
-87.7878,42.0698,"Anixter International","Glenview, IL","Wholesalers: Diversified","IL","Glenview"
-73.4082,41.1177,"EMCOR Group","Norwalk, CT","Engineering, Construction","CT","Norwalk"
-81.6557,30.3322,"Fidelity National Information Services","Jacksonville, FL","Financial Data Services","FL","Jacksonville"
-74.0059,40.7128,"Barnes & Noble","New York, NY","Specialty Retailers: Other","NY","New York"
-95.3698,29.7604,"KBR","Houston, TX","Engineering, Construction","TX","Houston"
-84.5555,42.7325,"Auto-Owners Insurance","Lansing, MI","Insurance: Property and Casualty (Mutual)","MI","Lansing"
-90.4329,38.6009,"Jones Financial","Des Peres, MO","Securities","MO","Des Peres"
-118.255,34.1425,"Avery Dennison","Glendale, CA","Chemicals","CA","Glendale"
-122.036,37.3688,"NetApp","Sunnyvale, CA","Computer Peripherals","CA","Sunnyvale"
-98.4936,29.4241,"iHeartMedia","San Antonio, TX","Entertainment","TX","San Antonio"
-77.0261,38.9907,"Discovery Communications","Silver Spring, MD","Entertainment","MD","Silver Spring"
-87.9065,43.0389,"Harley-Davidson","Milwaukee, WI","Transportation Equipment","WI","Milwaukee"
-121.886,37.3382,"Sanmina","San Jose, CA","Semiconductors and Other Electronic Components","CA","San Jose"
-96.797,32.7767,"Trinity Industries","Dallas, TX","Transportation Equipment","TX","Dallas"
-94.1308,36.2554,"J.B. Hunt Transport Services","Lowell, AR","Trucking, Truck Leasing","AR","Lowell"
-122.419,37.7749,"Charles Schwab","San Francisco, CA","Securities","CA","San Francisco"
-80.0851,42.1292,"Erie Insurance Group","Erie, PA","Insurance: Property and Casualty (Stock)","PA","Erie"
-96.6989,33.0198,"Dr Pepper Snapple Group","Plano, TX","Beverages","TX","Plano"
-90.1994,38.627,"Ameren","St. Louis, MO","Utilities: Gas and Electric","MO","St. Louis"
-118.416,33.9192,"Mattel","El Segundo, CA","Toys, Sporting Goods","CA","El Segundo"
-79.4378,36.0957,"Laboratory Corp. of America","Burlington, NC","Health Care: Pharmacy and Other Services","NC","Burlington"
-77.1773,38.9339,"Gannett","McLean, VA","Publishing, Printing","VA","McLean"
-73.5387,41.0534,"Starwood Hotels & Resorts","Stamford, CT","Hotels, Casinos, Resorts","CT","Stamford"
-84.4519,39.0331,"General Cable","Highland Heights, KY","Electronics, Electrical Equip.","KY","Highland Heights"
-118.491,34.0195,"A-Mark Precious Metals","Santa Monica, CA","zMiscellaneous","CA","Santa Monica"
-90.1994,38.627,"Graybar Electric","St. Louis, MO","Wholesalers: Diversified","MO","St. Louis"
-96.797,32.7767,"Energy Future Holdings","Dallas, TX","Energy","TX","Dallas"
-74.0059,40.7128,"HRG Group","New York, NY","Household and Personal Products","NY","New York"
-95.3698,29.7604,"MRC Global","Houston, TX","Oil and Gas Equipment, Services","TX","Houston"
-95.3698,29.7604,"Spectra Energy","Houston, TX","Pipelines","TX","Houston"
-84.1446,34.0029,"Asbury Automotive Group","Duluth, GA","Automotive Retailing, Services","GA","Duluth"
-87.8406,42.2586,"Packaging Corp. of America","Lake Forest, IL","Packaging, Containers","IL","Lake Forest"
-92.2896,34.7465,"Windstream Holdings","Little Rock, AR","Telecommunications","AR","Little Rock"
-84.388,33.749,"PulteGroup","Atlanta, GA","Homebuilders","GA","Atlanta"
-73.9564,40.7413,"JetBlue Airways","Long Island City, NY","Airlines","NY","Long Island City"
-84.388,33.749,"Newell Rubbermaid","Atlanta, GA","Home Equipment, Furnishings","GA","Atlanta"
-83.743,42.2808,"Con-way","Ann Arbor, MI","Transportation and Logistics","MI","Ann Arbor"
-86.1581,39.7684,"Calumet Specialty Products Partners","Indianapolis, IN","Petroleum Refining","IN","Indianapolis"
-122.201,47.6104,"Expedia","Bellevue, WA","Internet Services and Retailing","WA","Bellevue"
-84.512,39.1031,"American Financial Group","Cincinnati, OH","Insurance: Property and Casualty (Stock)","OH","Cincinnati"
-86.7828,36.0331,"Tractor Supply","Brentwood, TN","Specialty Retailers: Other","TN","Brentwood"
-73.5387,41.0534,"United Rentals","Stamford, CT","zMiscellaneous","CT","Stamford"
-87.8807,41.8498,"Ingredion","Westchester, IL","Food Production","IL","Westchester"
-75.5398,39.7391,"Navient","Wilmington, DE","Diversified Financials","DE","Wilmington"
-77.436,37.5407,"MeadWestvaco","Richmond, VA","Packaging, Containers","VA","Richmond"
-84.388,33.749,"AGL Resources","Atlanta, GA","Utilities: Gas and Electric","GA","Atlanta"
-93.09,44.9537,"St. Jude Medical","St. Paul, MN","Medical Products and Equipment","MN","St. Paul"
-81.764,40.8437,"J.M. Smucker","Orrville, OH","Food Consumer Products","OH","Orrville"
-104.988,39.6478,"Western Union","Englewood, CO","Financial Data Services","CO","Englewood"
-122.271,37.8044,"Clorox","Oakland, CA","Household and Personal Products","CA","Oakland"
-80.9451,35.0074,"Domtar","Fort Mill, SC","Forest and Paper Products","SC","Fort Mill"
-83.1498,42.6064,"Kelly Services","Troy, MI","Temporary Help","MI","Troy"
-87.6298,41.8781,"Old Republic International","Chicago, IL","Insurance: Property and Casualty (Stock)","IL","Chicago"
-122.036,37.3688,"Advanced Micro Devices","Sunnyvale, CA","Semiconductors and Other Electronic Components","CA","Sunnyvale"
-121.962,37.2358,"Netflix","Los Gatos, CA","Specialty Retailers: Other","CA","Los Gatos"
-77.1773,38.9339,"Booz Allen Hamilton Holding","McLean, VA","Information Technology Services","VA","McLean"
-78.8986,35.994,"Quintiles Transnational Holdings","Durham, NC","Health Care: Pharmacy and Other Services","NC","Durham"
-115.14,36.1699,"Wynn Resorts","Las Vegas, NV","Hotels, Casinos, Resorts","NV","Las Vegas"
-87.6298,41.8781,"Jones Lang LaSalle","Chicago, IL","Real estate","IL","Chicago"
-86.8025,33.5207,"Regions Financial","Birmingham, AL","Commercial Banks","AL","Birmingham"
-104.988,39.6478,"CH2M Hill","Englewood, CO","Engineering, Construction","CO","Englewood"
-84.512,39.1031,"Western & Southern Financial Group","Cincinnati, OH","Insurance: Life, Health (Mutual)","OH","Cincinnati"
-122.876,42.3265,"Lithia Motors","Medford, OR","Automotive Retailing, Services","OR","Medford"
-122.419,37.7749,"salesforce.com","San Francisco, CA","Computer Software","CA","San Francisco"
-122.332,47.6062,"Alaska Air Group","Seattle, WA","Airlines","WA","Seattle"
-77.0947,38.9847,"Host Hotels & Resorts","Bethesda, MD","Real estate","MD","Bethesda"
-73.5387,41.0534,"Harman International Industries","Stamford, CT","Electronics, Electrical Equip.","CT","Stamford"
-72.8231,41.457,"Amphenol","Wallingford, CT","Network and Other Communications Equipment","CT","Wallingford"
-74.4171,40.7598,"Realogy Holdings","Madison, NJ","Real estate","NJ","Madison"
-87.8445,42.1711,"Essendant","Deerfield, IL","Wholesalers: Electronics and Office Equipment","IL","Deerfield"
-80.2442,36.0999,"Hanesbrands","Winston-Salem, NC","Apparel","NC","Winston-Salem"
-85.7585,38.2527,"Kindred Healthcare","Louisville, KY","Health Care: Medical Facilities","KY","Louisville"
-84.0713,34.0515,"ARRIS Group","Suwanee, GA","Network and Other Communications Equipment","GA","Suwanee"
-111.94,33.4255,"Insight Enterprises","Tempe, AZ","Wholesalers: Electronics and Office Equipment","AZ","Tempe"
-96.6989,33.0198,"Alliance Data Systems","Plano, TX","Financial Data Services","TX","Plano"
-86.7828,36.0331,"LifePoint Health","Brentwood, TN","Health Care: Medical Facilities","TN","Brentwood"
-96.9489,32.814,"Pioneer Natural Resources","Irving, TX","Mining, Crude-Oil Production","TX","Irving"
-74.4174,40.8653,"Wyndham Worldwide","Parsippany, NJ","Hotels, Casinos, Resorts","NJ","Parsippany"
-83.5552,41.6639,"Owens Corning","Toledo, OH","Building Materials, Glass","OH","Toledo"
-74.0059,40.7128,"Alleghany","New York, NY","Insurance: Property and Casualty (Stock)","NY","New York"
-74.0059,40.7128,"McGraw Hill Financial","New York, NY","Financial Data Services","NY","New York"
-82.9988,39.9612,"Big Lots","Columbus, OH","Specialty Retailers: Other","OH","Columbus"
-111.94,33.4255,"Northern Tier Energy","Tempe, AZ","Petroleum Refining","AZ","Tempe"
-82.9988,39.9612,"Hexion","Columbus, OH","Chemicals","OH","Columbus"
-77.5064,37.666,"Markel","Glen Allen, VA","Insurance: Property and Casualty (Stock)","VA","Glen Allen"
-95.3698,29.7604,"Noble Energy","Houston, TX","Mining, Crude-Oil Production","TX","Houston"
-77.357,38.9586,"Leidos Holdings","Reston, VA","Information Technology Services","VA","Reston"
-91.6656,41.9779,"Rockwell Collins","Cedar Rapids, IA","Aerospace and Defense","IA","Cedar Rapids"
-75.3599,40.0462,"Airgas","Radnor, PA","Wholesalers: Diversified","PA","Radnor"
-70.7626,43.0718,"Sprague Resources","Portsmouth, NH","Wholesalers: Diversified","NH","Portsmouth"
-94.6708,38.9822,"YRC Worldwide","Overland Park, KS","Trucking, Truck Leasing","KS","Overland Park"
-71.8023,42.2626,"Hanover Insurance Group","Worcester, MA","Insurance: Property and Casualty (Stock)","MA","Worcester"
-88.1065,43.0606,"Fiserv","Brookfield, WI","Financial Data Services","WI","Brookfield"
-79.792,36.0726,"Lorillard","Greensboro, NC","Tobacco","NC","Greensboro"
-80.8429,35.4107,"American Tire Distributors Holdings","Huntersville, NC","Wholesalers: Diversified","NC","Huntersville"
-74.0059,40.7128,"ABM Industries","New York, NY","Diversified Outsourcing Services","NY","New York"
-80.0734,34.374,"Sonoco Products","Hartsville, SC","Packaging, Containers","SC","Hartsville"
-80.6081,28.0836,"Harris","Melbourne, FL","Network and Other Communications Equipment","FL","Melbourne"
-87.6298,41.8781,"Telephone & Data Systems","Chicago, IL","Telecommunications","IL","Chicago"
-87.9065,43.0389,"Wisconsin Energy","Milwaukee, WI","Utilities: Gas and Electric","WI","Milwaukee"
-95.3698,29.7604,"Linn Energy","Houston, TX","Mining, Crude-Oil Production","TX","Houston"
-82.64,27.7731,"Raymond James Financial","St. Petersburg, FL","Securities","FL","St. Petersburg"
-87.5711,37.9716,"Berry Plastics Group","Evansville, IN","Packaging, Containers","IN","Evansville"
-96.797,32.7767,"Regency Energy Partners","Dallas, TX","Oil and Gas Equipment, Services","TX","Dallas"
-81.074,33.9657,"SCANA","Cayce, SC","Utilities: Gas and Electric","SC","Cayce"
-84.5603,39.3455,"Cincinnati Financial","Fairfield, OH","Insurance: Property and Casualty (Stock)","OH","Fairfield"
-96.797,32.7767,"Atmos Energy","Dallas, TX","Utilities: Gas and Electric","TX","Dallas"
-77.0369,38.9072,"Pepco Holdings","Washington, DC","Utilities: Gas and Electric","DC","Washington"
-96.9489,32.814,"Flowserve","Irving, TX","Industrial Machinery","TX","Irving"
-86.1581,39.7684,"Simon Property Group","Indianapolis, IN","Real estate","IN","Indianapolis"
-77.4089,42.9826,"Constellation Brands","Victor, NY","Beverages","NY","Victor"
-88.222,43.1339,"Quad/Graphics","Sussex, WI","Publishing, Printing","WI","Sussex"
-74.8649,40.0712,"Burlington Stores","Burlington, NJ","Specialty Retailers: Apparel","NJ","Burlington"
-96.797,32.7767,"Neiman Marcus Group","Dallas, TX","Specialty Retailers: Apparel","TX","Dallas"
-88.4626,44.1858,"Bemis","Neenah, WI","Packaging, Containers","WI","Neenah"
-74.0059,40.7128,"Coach","New York, NY","Apparel","NY","New York"
-97.5164,35.4676,"Continental Resources","Oklahoma City, OK","Mining, Crude-Oil Production","OK","Oklahoma City"
-74.1436,41.0886,"Ascena Retail Group","Mahwah, NJ","Specialty Retailers: Apparel","NJ","Mahwah"
-74.3882,40.7879,"Zoetis","Florham Park, NJ","Pharmaceuticals","NJ","Florham Park"
-77.4478,38.9559,"Orbital ATK","Dulles, VA","Aerospace and Defense","VA","Dulles"
-73.5387,41.0534,"Frontier Communications","Stamford, CT","Telecommunications","CT","Stamford"
-122.419,37.7749,"Levi Strauss","San Francisco, CA","Apparel","CA","San Francisco"
-80.8431,35.2271,"SPX","Charlotte, NC","Industrial Machinery","NC","Charlotte"
-87.8445,42.1711,"CF Industries Holdings","Deerfield, IL","Chemicals","IL","Deerfield"
-96.9489,32.814,"Michaels Cos.","Irving, TX","Specialty Retailers: Other","TX","Irving"
-78.8784,42.8864,"M&T Bank Corp.","Buffalo, NY","Commercial Banks","NY","Buffalo"
-98.1245,29.703,"Rush Enterprises","New Braunfels, TX","Automotive Retailing, Services","TX","New Braunfels"
-81.6944,41.4993,"Aleris","Cleveland, OH","Metals","OH","Cleveland"
-95.4613,30.1658,"Nexeo Solutions Holdings","The Woodlands, TX","Wholesalers: Diversified","TX","The Woodlands"
-72.7562,44.3378,"Keurig Green Mountain","Waterbury, VT","Beverages","VT","Waterbury"
-95.3698,29.7604,"Superior Energy Services","Houston, TX","Oil and Gas Equipment, Services","TX","Houston"
-122.419,37.7749,"Williams-Sonoma","San Francisco, CA","Specialty Retailers: Other","CA","San Francisco"
-122.182,37.453,"Robert Half International","Menlo Park, CA","Temporary Help","CA","Menlo Park"
-121.955,37.3541,"Nvidia","Santa Clara, CA","Semiconductors and Other Electronic Components","CA","Santa Clara"
-117.868,33.7456,"First American Financial","Santa Ana, CA","Insurance: Property and Casualty (Stock)","CA","Santa Ana"
-85.853,41.2381,"Zimmer Holdings","Warsaw, IN","Medical Products and Equipment","IN","Warsaw"
-100.784,46.8083,"MDU Resources Group","Bismarck, ND","Energy","ND","Bismarck"
-122.036,37.3688,"Juniper Networks","Sunnyvale, CA","Network and Other Communications Equipment","CA","Sunnyvale"
-88.0073,41.975,"Arthur J. Gallagher","Itasca, IL","Diversified Financials","IL","Itasca"
-76.7941,39.1304,"Colfax","Annapolis Junction, MD","Industrial Machinery","MD","Annapolis Junction"
-81.6944,41.4993,"Cliffs Natural Resources","Cleveland, OH","Mining, Crude-Oil Production","OH","Cleveland"
-122.036,37.3688,"Yahoo","Sunnyvale, CA","Internet Services and Retailing","CA","Sunnyvale"
-80.2684,25.7215,"MasTec","Coral Gables, FL","Engineering, Construction","FL","Coral Gables"
-121.989,37.5483,"Lam Research","Fremont, CA","Semiconductors and Other Electronic Components","CA","Fremont"
-84.388,33.749,"Axiall","Atlanta, GA","Chemicals","GA","Atlanta"
-84.388,33.749,"Intercontinental Exchange","Atlanta, GA","Securities","GA","Atlanta"
-84.512,39.1031,"Cintas","Cincinnati, OH","Diversified Outsourcing Services","OH","Cincinnati"
-74.0059,40.7128,"Coty","New York, NY","Household and Personal Products","NY","New York"
-73.169,40.8043,"CA","Islandia, NY","Computer Software","NY","Islandia"
-83.6538,41.5628,"Andersons","Maumee, OH","Food Production","OH","Maumee"
-93.265,44.9778,"Valspar","Minneapolis, MN","Chemicals","MN","Minneapolis"
-87.6298,41.8781,"Northern Trust","Chicago, IL","Commercial Banks","IL","Chicago"
-122.084,37.3861,"Intuit","Mountain View, CA","Computer Software","CA","Mountain View"
-118.457,34.3058,"Tutor Perini","Sylmar, CA","Engineering, Construction","CA","Sylmar"
-93.5825,45.0352,"Polaris Industries","Medina, MN","Transportation Equipment","MN","Medina"
-87.8406,42.2586,"Hospira","Lake Forest, IL","Pharmaceuticals","IL","Lake Forest"
-71.5126,41.8205,"FM Global","Johnston, RI","Insurance: Property and Casualty (Stock)","RI","Johnston"
-77.357,38.9586,"NVR","Reston, VA","Homebuilders","VA","Reston"
-104.988,39.6478,"Liberty Media","Englewood, CO","Entertainment","CO","Englewood"
-90.1994,38.627,"Energizer Holdings","St. Louis, MO","Household and Personal Products","MO","St. Louis"
-82.4572,27.9506,"Bloomin' Brands","Tampa, FL","Food Services","FL","Tampa"
-121.955,37.3541,"Avaya","Santa Clara, CA","Network and Other Communications Equipment","CA","Santa Clara"
-95.3698,29.7604,"Westlake Chemical","Houston, TX","Chemicals","TX","Houston"
-87.6298,41.8781,"Hyatt Hotels","Chicago, IL","Hotels, Casinos, Resorts","IL","Chicago"
-87.7878,42.0698,"Mead Johnson Nutrition","Glenview, IL","Food Consumer Products","IL","Glenview"
-118.491,34.0195,"Activision Blizzard","Santa Monica, CA","Computer Software","CA","Santa Monica"
-86.8025,33.5207,"Protective Life","Birmingham, AL","Insurance: Life, Health (stock)","AL","Birmingham"
-104.951,39.6172,"Envision Healthcare Holdings","Greenwood Village, CO","Health Care: Pharmacy and Other Services","CO","Greenwood Village"
-87.8445,42.1711,"Fortune Brands Home & Security","Deerfield, IL","Home Equipment, Furnishings","IL","Deerfield"
-81.8552,41.1432,"RPM International","Medina, OH","Chemicals","OH","Medina"
-75.3599,40.0462,"VWR","Radnor, PA","Wholesalers: Diversified","PA","Radnor"
-71.0589,42.3601,"LPL Financial Holdings","Boston, MA","Securities","MA","Boston"
-81.6944,41.4993,"KeyCorp","Cleveland, OH","Commercial Banks","OH","Cleveland"
-112.074,33.4484,"Swift Transportation","Phoenix, AZ","Trucking, Truck Leasing","AZ","Phoenix"
-82.1888,36.5951,"Alpha Natural Resources","Bristol, VA","Mining, Crude-Oil Production","VA","Bristol"
-71.3826,41.8787,"Hasbro","Pawtucket, RI","Toys, Sporting Goods","RI","Pawtucket"
-80.9112,34.8529,"Resolute Forest Products","Catawba, SC","Forest and Paper Products","SC","Catawba"
-74.0059,40.7128,"Tiffany","New York, NY","Specialty Retailers: Other","NY","New York"
-76.6458,39.5309,"McCormick","Sparks, MD","Food Consumer Products","MD","Sparks"
-84.388,33.749,"Graphic Packaging Holding","Atlanta, GA","Packaging, Containers","GA","Atlanta"
-83.068,40.2987,"Greif","Delaware, OH","Packaging, Containers","OH","Delaware"
-79.9959,40.4406,"Allegheny Technologies","Pittsburgh, PA","Metals","PA","Pittsburgh"
-93.09,44.9537,"Securian Financial Group","St. Paul, MN","Insurance: Life, Health (stock)","MN","St. Paul"
-80.2684,26.6618,"B/E Aerospace","Wellington, FL","Aerospace and Defense","FL","Wellington"
-77.1773,38.9339,"Exelis","McLean, VA","Aerospace and Defense","VA","McLean"
-121.886,37.3382,"Adobe Systems","San Jose, CA","Computer Software","CA","San Jose"
-104.99,39.7392,"Molson Coors Brewing","Denver, CO","Beverages","CO","Denver"
-87.9065,43.0389,"Roundy's","Milwaukee, WI","Food and Drug Stores","WI","Milwaukee"
-86.118,39.9784,"CNO Financial Group","Carmel, IN","Insurance: Life, Health (stock)","IN","Carmel"
-95.3698,29.7604,"Adams Resources & Energy","Houston, TX","Energy","TX","Houston"
-80.8431,35.2271,"Belk","Charlotte, NC","General Merchandisers","NC","Charlotte"
-104.99,39.7392,"Chipotle Mexican Grill","Denver, CO","Food Services","CO","Denver"
-71.0589,42.3601,"American Tower","Boston, MA","Telecommunications","MA","Boston"
-75.1652,39.9526,"FMC","Philadelphia, PA","Chemicals","PA","Philadelphia"
-87.6298,41.8781,"Hillshire Brands","Chicago, IL","Food Consumer Products","IL","Chicago"
-74.0059,40.7128,"AmTrust Financial Services","New York, NY","Insurance: Property and Casualty (Stock)","NY","New York"
-87.8406,42.2586,"Brunswick","Lake Forest, IL","Transportation Equipment","IL","Lake Forest"
-93.09,44.9537,"Patterson","St. Paul, MN","Wholesalers: Health Care","MN","St. Paul"
-95.4172,30.0799,"Southwestern Energy","Spring, TX","Mining, Crude-Oil Production","TX","Spring"
-75.4396,40.0458,"Ametek","Berwyn, PA","Scientific,Photographic and Control Equipment","PA","Berwyn"
-76.6122,39.2904,"T. Rowe Price","Baltimore, MD","Securities","MD","Baltimore"
-96.6398,33.1972,"Torchmark","McKinney, TX","Insurance: Life, Health (stock)","TX","McKinney"
-96.9489,32.814,"Darling Ingredients","Irving, TX","Food Production","TX","Irving"
-94.3102,37.1764,"Leggett & Platt","Carthage, MO","Home Equipment, Furnishings","MO","Carthage"
-80.1918,25.7617,"Watsco","Miami, FL","Wholesalers: Diversified","FL","Miami"
-95.3698,29.7604,"Crestwood Equity Partners","Houston, TX","Energy","TX","Houston"
-73.6835,41.0193,"Xylem","Rye Brook, NY","Industrial Machinery","NY","Rye Brook"
-73.5387,41.0534,"Silgan Holdings","Stamford, CT","Packaging, Containers","CT","Stamford"
-75.1285,40.1784,"Toll Brothers","Horsham, PA","Homebuilders","PA","Horsham"
-87.6576,44.0886,"Manitowoc","Manitowoc, WI","Construction and Farm Machinery","WI","Manitowoc"
-77.1773,38.9339,"Science Applications International","McLean, VA","Information Technology Services","VA","McLean"
-77.0369,38.9072,"Carlyle Group","Washington, DC","Securities","DC","Washington"
-81.4023,40.8759,"Timken","North Canton, OH","Industrial Machinery","OH","North Canton"
-95.3698,29.7604,"Genesis Energy","Houston, TX","Pipelines","TX","Houston"
-95.9928,36.154,"WPX Energy","Tulsa, OK","Mining, Crude-Oil Production","OK","Tulsa"
-117.161,32.7157,"CareFusion","San Diego, CA","Medical Products and Equipment","CA","San Diego"
-73.5387,41.0534,"Pitney Bowes","Stamford, CT","Computers, Office Equipment","CT","Stamford"
-82.3212,35.6179,"Ingles Markets","Black Mountain, NC","Food and Drug Stores","NC","Black Mountain"
-82.0282,41.5053,"PolyOne","Avon Lake, OH","Chemicals","OH","Avon Lake"
-86.7828,36.0331,"Brookdale Senior Living","Brentwood, TN","Health Care: Medical Facilities","TN","Brentwood"
-81.3445,35.7345,"CommScope Holding","Hickory, NC","Network and Other Communications Equipment","NC","Hickory"
-83.1498,42.6064,"Meritor","Troy, MI","Motor Vehicles and Parts","MI","Troy"
-87.9065,43.0389,"Joy Global","Milwaukee, WI","Construction and Farm Machinery","WI","Milwaukee"
-118.16,34.0006,"Unified Grocers","Commerce, CA","Wholesalers: Food and Grocery","CA","Commerce"
-75.4396,40.0458,"Triumph Group","Berwyn, PA","Aerospace and Defense","PA","Berwyn"
-111.926,33.4942,"Magellan Health","Scottsdale, AZ","Health Care: Insurance and Managed Care","AZ","Scottsdale"
-97.1331,33.2148,"Sally Beauty Holdings","Denton, TX","Specialty Retailers: Other","TX","Denton"
-83.9788,30.8366,"Flowers Foods","Thomasville, GA","Food Consumer Products","GA","Thomasville"
-82.8088,40.0812,"Abercrombie & Fitch","New Albany, OH","Specialty Retailers: Apparel","OH","New Albany"
-74.068,40.1607,"New Jersey Resources","Wall, NJ","Energy","NJ","Wall"
-91.6664,44.0554,"Fastenal","Winona, MN","Specialty Retailers: Other","MN","Winona"
-77.357,38.9586,"NII Holdings","Reston, VA","Telecommunications","VA","Reston"
-80.1873,40.2626,"Consol Energy","Canonsburg, PA","Mining, Crude-Oil Production","PA","Canonsburg"
-87.6298,41.8781,"USG","Chicago, IL","Building Materials, Glass","IL","Chicago"
-77.436,37.5407,"Brink's","Richmond, VA","Diversified Outsourcing Services","VA","Richmond"
-95.9928,36.154,"Helmerich & Payne","Tulsa, OK","Oil and Gas Equipment, Services","OK","Tulsa"
-84.5037,38.0406,"Lexmark International","Lexington, KY","Computer Peripherals","KY","Lexington"
-83.0458,42.3314,"American Axle & Manufacturing","Detroit, MI","Motor Vehicles and Parts","MI","Detroit"
-95.3698,29.7604,"Crown Castle International","Houston, TX","Telecommunications","TX","Houston"
-95.3698,29.7604,"Targa Energy","Houston, TX","Pipelines","TX","Houston"
-95.3698,29.7604,"Oceaneering International","Houston, TX","Oil and Gas Equipment, Services","TX","Houston"
-71.0589,42.3601,"Cabot","Boston, MA","Chemicals","MA","Boston"
-74.0059,40.7128,"CIT Group","New York, NY","Commercial Banks","NY","New York"
-102.977,41.1448,"Cabela's","Sidney, NE","Specialty Retailers: Other","NE","Sidney"
-74.0059,40.7128,"Forest Laboratories","New York, NY","Pharmaceuticals","NY","New York"
-104.99,39.7392,"DCP Midstream Partners","Denver, CO","Pipelines","CO","Denver"
-87.6298,41.8781,"Ryerson Holding","Chicago, IL","Metals","IL","Chicago"
-104.99,39.7392,"QEP Resources","Denver, CO","Mining, Crude-Oil Production","CO","Denver"
-85.9767,41.682,"Thor Industries","Elkhart, IN","Motor Vehicles and Parts","IN","Elkhart"
-82.64,27.7731,"HSN","St. Petersburg, FL","Specialty Retailers: Other","FL","St. Petersburg"
-77.1068,38.88,"Graham Holdings","Arlington, VA","Education","VA","Arlington"
-122.236,37.4852,"Electronic Arts","Redwood City, CA","Computer Software","CA","Redwood City"
-116.215,43.6187,"Boise Cascade","Boise, ID","Wholesalers: Diversified","ID","Boise"
-87.9536,41.8398,"Hub Group","Oak Brook, IL","Transportation and Logistics","IL","Oak Brook"
-77.1068,38.88,"CACI International","Arlington, VA","Information Technology Services","VA","Arlington"
-82.5307,27.3364,"Roper Technologies","Sarasota, FL","Scientific,Photographic and Control Equipment","FL","Sarasota"
-77.1068,38.88,"Towers Watson","Arlington, VA","Diversified Outsourcing Services","VA","Arlington"
-118.16,34.0006,"Smart & Final Stores","Commerce, CA","Food and Drug Stores","CA","Commerce"
-122.419,37.7749,"Big Heart Pet Brands","San Francisco, CA","Food Consumer Products","CA","San Francisco"
-96.7299,32.9483,"Fossil Group","Richardson, TX","Apparel","TX","Richardson"
-74.0059,40.7128,"Nasdaq OMX Group","New York, NY","Securities","NY","New York"
-88.9937,40.4842,"Country Financial","Bloomington, IL","Insurance: Property and Casualty (Mutual)","IL","Bloomington"
-87.8212,42.5847,"Snap-on","Kenosha, WI","Industrial Machinery","WI","Kenosha"
-112.074,33.4484,"Pinnacle West Capital","Phoenix, AZ","Utilities: Gas and Electric","AZ","Phoenix"
-104.988,39.6478,"EchoStar","Englewood, CO","Network and Other Communications Equipment","CO","Englewood"
-73.6982,40.8257,"Systemax","Port Washington, NY","Specialty Retailers: Other","NY","Port Washington"
-104.99,39.7392,"WhiteWave Foods","Denver, CO","Food Consumer Products","CO","Denver"
-89.4012,43.0731,"CUNA Mutual Group","Madison, WI","Insurance: Life, Health (stock)","WI","Madison"
-83.6499,41.0442,"Cooper Tire & Rubber","Findlay, OH","Motor Vehicles and Parts","OH","Findlay"
-80.1289,26.3683,"ADT","Boca Raton, FL","Diversified Outsourcing Services","FL","Boca Raton"
-94.573,39.1429,"Cerner","North Kansas City, MO","Health Care: Pharmacy and Other Services","MO","North Kansas City"
-70.7928,42.1615,"Clean Harbors","Norwell, MA","Waste Management","MA","Norwell"
-111.94,33.4255,"First Solar","Tempe, AZ","Energy","AZ","Tempe"
-96.7299,32.9483,"Lennox International","Richardson, TX","Industrial Machinery","TX","Richardson"
-97.5164,35.4676,"Enable Midstream Partners","Oklahoma City, OK","Pipelines","OK","Oklahoma City"
-73.0932,41.3165,"Hubbell","Shelton, CT","Electronics, Electrical Equip.","CT","Shelton"
-75.2663,40.1523,"Unisys","Blue Bell, PA","Information Technology Services","PA","Blue Bell"
-89.4012,43.0731,"Alliant Energy","Madison, WI","Utilities: Gas and Electric","WI","Madison"
-83.5552,41.6639,"Health Care REIT","Toledo, OH","Real estate","OH","Toledo"
-74.0059,40.7128,"Moody's","New York, NY","Diversified Financials","NY","New York"
-74.401,40.6954,"C.R. Bard","Murray Hill, NJ","Medical Products and Equipment","NJ","Murray Hill"
-75.1652,39.9526,"Urban Outfitters","Philadelphia, PA","Specialty Retailers: Apparel","PA","Philadelphia"
-74.7909,40.26,"Church & Dwight","Ewing, NJ","Household and Personal Products","NJ","Ewing"
-79.9959,40.4406,"American Eagle Outfitters","Pittsburgh, PA","Specialty Retailers: Apparel","PA","Pittsburgh"
-118.244,34.0522,"Oaktree Capital Group","Los Angeles, CA","Securities","CA","Los Angeles"
-89.0318,42.5083,"Regal Beloit","Beloit, WI","Electronics, Electrical Equip.","WI","Beloit"
-95.3698,29.7604,"Men's Wearhouse","Houston, TX","Specialty Retailers: Apparel","TX","Houston"
-83.4755,42.4806,"Cooper-Standard Holdings","Novi, MI","Motor Vehicles and Parts","MI","Novi"
-76.861,39.2037,"W.R. Grace","Columbia, MD","Chemicals","MD","Columbia"
-88.0684,41.6986,"Ulta Salon Cosmetics & Fragrance","Bolingbrook, IL","Specialty Retailers: Other","IL","Bolingbrook"
-157.858,21.3069,"Hawaiian Electric Industries","Honolulu, HI","Utilities: Gas and Electric","HI","Honolulu"
-113.568,37.0965,"SkyWest","St. George, UT","Airlines","UT","St. George"
-95.998,41.2524,"Green Plains","Omaha, NE","Energy","NE","Omaha"
-85.853,41.2381,"LVB Acquisition","Warsaw, IN","Medical Products and Equipment","IN","Warsaw"
-73.1241,40.8064,"NBTY","Ronkonkoma, NY","Pharmaceuticals","NY","Ronkonkoma"
-80.8431,35.2271,"Carlisle","Charlotte, NC","Building Materials, Glass","NC","Charlotte"
-79.145,41.8439,"United Refining","Warren, PA","Petroleum Refining","PA","Warren"
-122.143,37.4419,"Tesla Motors","Palo Alto, CA","Motor Vehicles and Parts","CA","Palo Alto"
-87.6298,41.8781,"Groupon","Chicago, IL","Internet Services and Retailing","IL","Chicago"
-81.6557,30.3322,"Landstar System","Jacksonville, FL","Trucking, Truck Leasing","FL","Jacksonville"
-95.3698,29.7604,"Patterson-UTI Energy","Houston, TX","Oil and Gas Equipment, Services","TX","Houston"
-95.3698,29.7604,"EP Energy","Houston, TX","Mining, Crude-Oil Production","TX","Houston"
-112.074,33.4484,"ON Semiconductor","Phoenix, AZ","Semiconductors and Other Electronic Components","AZ","Phoenix"
-96.6989,33.0198,"Rent-A-Center","Plano, TX","Specialty Retailers: Other","TX","Plano"
-75.3699,40.0416,"SunGard Data Systems","Wayne, PA","Financial Data Services","PA","Wayne"
-80.1373,26.1224,"Citrix Systems","Fort Lauderdale, FL","Network and Other Communications Equipment","FL","Fort Lauderdale"
-111.94,33.4255,"Amkor Technology","Tempe, AZ","Semiconductors and Other Electronic Components","AZ","Tempe"
-95.998,41.2524,"TD Ameritrade Holding","Omaha, NE","Securities","NE","Omaha"
-82.9988,39.9612,"Worthington Industries","Columbus, OH","Metals","OH","Columbus"
-95.998,41.2524,"Valmont Industries","Omaha, NE","Construction and Farm Machinery","NE","Omaha"
-71.0589,42.3601,"Iron Mountain","Boston, MA","Diversified Outsourcing Services","MA","Boston"
-122.201,47.6104,"Puget Energy","Bellevue, WA","Utilities: Gas and Electric","WA","Bellevue"
-87.6298,41.8781,"CME Group","Chicago, IL","Securities","IL","Chicago"
-74.0059,40.7128,"IAC/InterActiveCorp","New York, NY","Internet Services and Retailing","NY","New York"
-95.3698,29.7604,"Par Petroleum","Houston, TX","Petroleum Refining","TX","Houston"
-111.926,33.4942,"Taylor Morrison Home","Scottsdale, AZ","Homebuilders","AZ","Scottsdale"
-80.8431,35.2271,"Chiquita Brands International","Charlotte, NC","Food Production","NC","Charlotte"
-74.0059,40.7128,"International Flavors & Fragrances","New York, NY","Chemicals","NY","New York"
-104.99,39.7392,"Whiting Petroleum","Denver, CO","Mining, Crude-Oil Production","CO","Denver"
-76.6122,39.2904,"Under Armour","Baltimore, MD","Apparel","MD","Baltimore"
-87.6298,41.8781,"Ventas","Chicago, IL","Real estate","IL","Chicago"
-98.4936,29.4241,"NuStar Energy","San Antonio, TX","Pipelines","TX","San Antonio"
-77.0086,40.2143,"Select Medical Holdings","Mechanicsburg, PA","Health Care: Medical Facilities","PA","Mechanicsburg"
-81.4023,40.8759,"Diebold","North Canton, OH","Computers, Office Equipment","OH","North Canton"
-94.7977,29.3013,"American National Insurance","Galveston, TX","Insurance: Life, Health (stock)","TX","Galveston"
-122.143,37.4419,"Varian Medical Systems","Palo Alto, CA","Medical Products and Equipment","CA","Palo Alto"
-112.074,33.4484,"Apollo Education Group","Phoenix, AZ","Education","AZ","Phoenix"
-79.81,40.3909,"Westinghouse Air Brake Technologies","Wilmerding, PA","Industrial Machinery","PA","Wilmerding"
-121.886,37.3382,"SunPower","San Jose, CA","Energy","CA","San Jose"
-74.0059,40.7128,"Warner Music Group","New York, NY","Entertainment","NY","New York"
-74.9615,39.8519,"American Water Works","Voorhees, NJ","zMiscellaneous","NJ","Voorhees"
-94.5786,39.0997,"H&R Block","Kansas City, MO","Diversified Financials","MO","Kansas City"
-118.244,34.0522,"Mercury General","Los Angeles, CA","Insurance: Property and Casualty (Stock)","CA","Los Angeles"
-82.4572,27.9506,"TECO Energy","Tampa, FL","Utilities: Gas and Electric","FL","Tampa"
-95.3698,29.7604,"Service Corp. International","Houston, TX","zMiscellaneous","TX","Houston"
-86.8025,33.5207,"Vulcan Materials","Birmingham, AL","Building Materials, Glass","AL","Birmingham"
-85.7585,38.2527,"Brown-Forman","Louisville, KY","Beverages","KY","Louisville"
-83.9207,35.9606,"Regal Entertainment Group","Knoxville, TN","Entertainment","TN","Knoxville"
-84.5037,38.0406,"Tempur Sealy International","Lexington, KY","Home Equipment, Furnishings","KY","Lexington"
-85.6681,42.9634,"Steelcase","Grand Rapids, MI","Home Equipment, Furnishings","MI","Grand Rapids"
-116.215,43.6187,"MWI Veterinary Supply","Boise, ID","Wholesalers: Diversified","ID","Boise"
-97.3308,32.7555,"RadioShack","Fort Worth, TX","Specialty Retailers: Other","TX","Fort Worth"
-112.074,33.4484,"Sprouts Farmers Market","Phoenix, AZ","Food and Drug Stores","AZ","Phoenix"
-97.1342,32.9412,"Sabre","Southlake, TX","Internet Services and Retailing","TX","Southlake"
-78.6382,35.7796,"Martin Marietta Materials","Raleigh, NC","Building Materials, Glass","NC","Raleigh"
-82.9988,39.9612,"Huntington Bancshares","Columbus, OH","Commercial Banks","OH","Columbus"
-71.2356,42.3765,"Alere","Waltham, MA","Medical Products and Equipment","MA","Waltham"
-87.9536,41.8398,"TreeHouse Foods","Oak Brook, IL","Food Consumer Products","IL","Oak Brook"
-90.1994,38.627,"Arch Coal","St. Louis, MO","Mining, Crude-Oil Production","MO","St. Louis"
-121.9,37.4323,"KLA-Tencor","Milpitas, CA","Semiconductors and Other Electronic Components","CA","Milpitas"
-73.5387,41.0534,"Crane","Stamford, CT","Industrial Machinery","CT","Stamford"
-86.8689,35.9251,"Iasis Healthcare","Franklin, TN","Health Care: Medical Facilities","TN","Franklin"
-80.8431,35.2271,"Babcock & Wilcox","Charlotte, NC","Industrial Machinery","NC","Charlotte"
-76.7277,39.9626,"Dentsply International","York, PA","Medical Products and Equipment","PA","York"
-87.6298,41.8781,"Tribune Media","Chicago, IL","Entertainment","IL","Chicago"
-82.394,34.8526,"ScanSource","Greenville, SC","Wholesalers: Electronics and Office Equipment","SC","Greenville"
-74.0059,40.7128,"Univision Communications","New York, NY","Entertainment","NY","New York"
-96.797,32.7767,"Brinker International","Dallas, TX","Food Services","TX","Dallas"
-95.3698,29.7604,"Exterran Holdings","Houston, TX","Oil and Gas Equipment, Services","TX","Houston"
-84.388,33.749,"Carter's","Atlanta, GA","Apparel","GA","Atlanta"
-71.199,42.1944,"Analog Devices","Norwood, MA","Semiconductors and Other Electronic Components","MA","Norwood"
-86.7816,36.1627,"Genesco","Nashville, TN","Specialty Retailers: Apparel","TN","Nashville"
-83.3671,40.2364,"Scotts Miracle-Gro","Marysville, OH","Chemicals","OH","Marysville"
-84.512,39.1031,"Convergys","Cincinnati, OH","Diversified Outsourcing Services","OH","Cincinnati"
-84.3007,34.1322,"Exide Technologies","Milton, GA","Motor Vehicles and Parts","GA","Milton"
-83.1499,42.6584,"WABCO Holdings","Rochester Hills, MI","Motor Vehicles and Parts","MI","Rochester Hills"
-79.3795,40.3212,"Kennametal","Latrobe, PA","Industrial Machinery","PA","Latrobe"
-119.814,39.5296,"Amerco","Reno, NV","Trucking, Truck Leasing","NV","Reno"
-76.7277,39.9626,"Bon-Ton Stores","York, PA","General Merchandisers","PA","York"
-83.9207,35.9606,"Team Health Holdings","Knoxville, TN","Health Care: Pharmacy and Other Services","TN","Knoxville"
-73.8587,41.0762,"Regeneron Pharmaceuticals","Tarrytown, NY","Pharmaceuticals","NY","Tarrytown"
-87.5711,37.9716,"Springleaf Holdings","Evansville, IN","Diversified Financials","IN","Evansville"
-81.6944,41.4993,"Lincoln Electric Holdings","Cleveland, OH","Industrial Machinery","OH","Cleveland"
-95.3698,29.7604,"Dresser-Rand Group","Houston, TX","Industrial Machinery","TX","Houston"
-95.998,41.2524,"West","Omaha, NE","Diversified Outsourcing Services","NE","Omaha"
-95.4319,29.1694,"Benchmark Electronics","Angleton, TX","Semiconductors and Other Electronic Components","TX","Angleton"
-73.6982,40.8257,"Pall","Port Washington, NY","Industrial Machinery","NY","Port Washington"
-80.082,35.8826,"Old Dominion Freight Line","Thomasville, NC","Trucking, Truck Leasing","NC","Thomasville"
-73.4151,40.7934,"MSC Industrial Direct","Melville, NY","Wholesalers: Diversified","NY","Melville"
-89.5746,44.5236,"Sentry Insurance Group","Stevens Point, WI","Insurance: Property and Casualty (Mutual)","WI","Stevens Point"
-90.1994,38.627,"Sigma-Aldrich","St. Louis, MO","Chemicals","MO","St. Louis"
-77.0369,38.9072,"WGL Holdings","Washington, DC","Energy","DC","Washington"
-76.7944,40.8626,"Weis Markets","Sunbury, PA","Food and Drug Stores","PA","Sunbury"
-89.1306,31.6941,"Sanderson Farms","Laurel, MS","Food Production","MS","Laurel"
-122.676,45.5231,"StanCorp Financial Group","Portland, OR","Insurance: Life, Health (stock)","OR","Portland"
-81.6944,41.4993,"Hyster-Yale Materials Handling","Cleveland, OH","Industrial Machinery","OH","Cleveland"
-85.56,43.12,"Wolverine World Wide","Rockford, MI","Apparel","MI","Rockford"
-94.5786,39.0997,"DST Systems","Kansas City, MO","Financial Data Services","MO","Kansas City"
-76.6122,39.2904,"Legg Mason","Baltimore, MD","Securities","MD","Baltimore"
-84.1916,39.7589,"Teradata","Dayton, OH","Computer Software","OH","Dayton"
-84.388,33.749,"Aaron's","Atlanta, GA","Specialty Retailers: Other","GA","Atlanta"
-104.99,39.7392,"Antero Resources","Denver, CO","Mining, Crude-Oil Production","CO","Denver"
-83.4702,42.3714,"Metaldyne Performance Group","Plymouth, MI","Motor Vehicles and Parts","MI","Plymouth"
-97.3308,32.7555,"Range Resources","Fort Worth, TX","Mining, Crude-Oil Production","TX","Fort Worth"
-74.0059,40.7128,"Vornado Realty Trust","New York, NY","Real estate","NY","New York"
-115.14,36.1699,"Boyd Gaming","Las Vegas, NV","Hotels, Casinos, Resorts","NV","Las Vegas"
-74.6672,40.3573,"Covance","Princeton, NJ","Health Care: Pharmacy and Other Services","NJ","Princeton"
-76.3055,40.0379,"Armstrong World Industries","Lancaster, PA","Building Materials, Glass","PA","Lancaster"
-86.2911,36.2081,"Cracker Barrel Old Country Store","Lebanon, TN","Food Services","TN","Lebanon"
-81.8723,26.6406,"Chico's FAS","Fort Myers, FL","Specialty Retailers: Apparel","FL","Fort Myers"
-83.9207,35.9606,"Scripps Networks Interactive","Knoxville, TN","Entertainment","TN","Knoxville"
-85.6681,42.9634,"Universal Forest Products","Grand Rapids, MI","Forest and Paper Products","MI","Grand Rapids"
-102.078,31.9973,"Concho Resources","Midland, TX","Mining, Crude-Oil Production","TX","Midland"
-73.7629,41.034,"ITT","White Plains, NY","Industrial Machinery","NY","White Plains"
-95.3698,29.7604,"HCC Insurance Holdings","Houston, TX","Insurance: Property and Casualty (Stock)","TX","Houston"
-78.6134,42.7678,"Moog","East Aurora, NY","Aerospace and Defense","NY","East Aurora"
-73.454,41.3948,"IMS Health Holdings","Danbury, CT","Health Care: Pharmacy and Other Services","CT","Danbury"
-96.6989,33.0198,"Cinemark Holdings","Plano, TX","Entertainment","TX","Plano"
-96.797,32.7767,"Comerica","Dallas, TX","Commercial Banks","TX","Dallas"
-87.6298,41.8781,"Equity Residential","Chicago, IL","Real estate","IL","Chicago"
-118.807,34.1466,"Ryland Group","Westlake Village, CA","Homebuilders","CA","Westlake Village"
-79.9959,40.4406,"GNC Holdings","Pittsburgh, PA","Food and Drug Stores","PA","Pittsburgh"
-94.3985,35.3859,"ArcBest","Fort Smith, AR","Trucking, Truck Leasing","AR","Fort Smith"
-87.5711,37.9716,"Vectren","Evansville, IN","Utilities: Gas and Electric","IN","Evansville"
-80.8431,35.2271,"Curtiss-Wright","Charlotte, NC","Aerospace and Defense","NC","Charlotte"
-81.3792,28.5383,"Tupperware Brands","Orlando, FL","Household and Personal Products","FL","Orlando"
-95.689,39.0558,"Westar Energy","Topeka, KS","Utilities: Gas and Electric","KS","Topeka"
-91.1403,30.4583,"Albemarle","Baton Rouge, LA","Chemicals","LA","Baton Rouge"
-88.3162,42.2411,"AptarGroup","Crystal Lake, IL","Packaging, Containers","IL","Crystal Lake"
-74.4174,40.8653,"Pinnacle Foods","Parsippany, NJ","Food Consumer Products","NJ","Parsippany"
-75.9652,40.3295,"Penn National Gaming","Wyomissing, PA","Hotels, Casinos, Resorts","PA","Wyomissing"
-74.0059,40.7128,"J.Crew Group","New York, NY","Specialty Retailers: Apparel","NY","New York"
-84.2963,39.247,"Vantiv","Symmes Township, OH","Financial Data Services","OH","Symmes Township"
-94.5786,39.0997,"Kansas City Southern","Kansas City, MO","Railroads","MO","Kansas City"
-90.1994,38.627,"Caleres","St. Louis, MO","Specialty Retailers: Apparel","MO","St. Louis"
-111.659,40.2338,"Nu Skin Enterprises","Provo, UT","Household and Personal Products","UT","Provo"
-94.5786,39.0997,"Great Plains Energy","Kansas City, MO","Utilities: Gas and Electric","MO","Kansas City"
-95.3698,29.7604,"Kirby","Houston, TX","zMiscellaneous","TX","Houston"
-87.6298,41.8781,"General Growth Properties","Chicago, IL","Real estate","IL","Chicago"
-73.7176,40.7707,"Broadridge Financial Solutions","Lake Success, NY","Financial Data Services","NY","Lake Success"
-87.8406,42.2586,"Stericycle","Lake Forest, IL","Waste Management","IL","Lake Forest"
-84.388,33.749,"Global Payments","Atlanta, GA","Financial Data Services","GA","Atlanta"
-71.4128,41.824,"Nortek","Providence, RI","Industrial Machinery","RI","Providence"
-122.676,45.5231,"Schnitzer Steel Industries","Portland, OR","Metals","OR","Portland"
-77.436,37.5407,"Universal","Richmond, VA","Tobacco","VA","Richmond"
-74.0059,40.7128,"ANN","New York, NY","Specialty Retailers: Apparel","NY","New York"
-71.276,42.4906,"Hologic","Bedford, MA","Medical Products and Equipment","MA","Bedford"
-90.1994,38.627,"Panera Bread","St. Louis, MO","Food Services","MO","St. Louis"
-74.0059,40.7128,"AOL","New York, NY","Internet Services and Retailing","NY","New York"
-104.99,39.7392,"SM Energy","Denver, CO","Mining, Crude-Oil Production","CO","Denver"
-77.6109,43.161,"Paychex","Rochester, NY","Diversified Outsourcing Services","NY","Rochester"
-117.161,32.7157,"PriceSmart","San Diego, CA","Specialty Retailers: Other","CA","San Diego"
-122.531,37.9735,"Autodesk","San Rafael, CA","Computer Software","CA","San Rafael"
-70.8262,42.5591,"Affiliated Managers Group","Prides Crossing, MA","Securities","MA","Prides Crossing"
-78.7378,42.9639,"Tops Holding","Williamsville, NY","Food and Drug Stores","NY","Williamsville"
-95.3698,29.7604,"Dynegy","Houston, TX","Energy","TX","Houston"
-82.9988,39.9612,"DSW","Columbus, OH","Specialty Retailers: Apparel","OH","Columbus"
-75.5138,40.0362,"Vishay Intertechnology","Malvern, PA","Semiconductors and Other Electronic Components","PA","Malvern"
-82.9988,39.9612,"Mettler-Toledo International","Columbus, OH","Scientific,Photographic and Control Equipment","OH","Columbus"
-90.4298,38.7131,"SunEdison","Maryland Heights, MO","Semiconductors and Other Electronic Components","MO","Maryland Heights"
-118.145,34.1478,"Tetra Tech","Pasadena, CA","Engineering, Construction","CA","Pasadena"
-73.6812,42.7926,"Momentive Performance Materials","Waterford, NY","Chemicals","NY","Waterford"
-75.9269,40.3356,"EnerSys","Reading, PA","Electronics, Electrical Equip.","PA","Reading"
-93.265,44.9778,"Donaldson","Minneapolis, MN","Industrial Machinery","MN","Minneapolis"
-79.9959,40.4406,"EQT","Pittsburgh, PA","Energy","PA","Pittsburgh"
-117.566,33.8753,"Monster Beverage","Corona, CA","Beverages","CA","Corona"
-71.4948,42.8679,"PC Connection","Merrimack, NH","Specialty Retailers: Other","NH","Merrimack"
-84.9877,32.461,"Total System Services","Columbus, GA","Financial Data Services","GA","Columbus"
-90.049,35.1495,"ServiceMaster Global Holdings","Memphis, TN","Diversified Outsourcing Services","TN","Memphis"
-81.6944,41.4993,"Medical Mutual of Ohio","Cleveland, OH","Insurance: Life, Health (Mutual)","OH","Cleveland"
-81.6944,41.4993,"Applied Industrial Technologies","Cleveland, OH","Wholesalers: Diversified","OH","Cleveland"
-121.886,37.3382,"Maxim Integrated Products","San Jose, CA","Semiconductors and Other Electronic Components","CA","San Jose"
-97.5164,35.4676,"OGE Energy","Oklahoma City, OK","Utilities: Gas and Electric","OK","Oklahoma City"
-81.6098,41.1278,"A. Schulman","Fairlawn, OH","Chemicals","OH","Fairlawn"
-122.236,37.4852,"Equinix","Redwood City, CA","Telecommunications","CA","Redwood City"
-80.2566,26.167,"Mednax","Sunrise, FL","Health Care: Pharmacy and Other Services","FL","Sunrise"
-84.388,33.749,"Equifax","Atlanta, GA","Financial Data Services","GA","Atlanta"
-117.795,33.6839,"Standard Pacific","Irvine, CA","Homebuilders","CA","Irvine"
-96.6989,33.0198,"Denbury Resources","Plano, TX","Mining, Crude-Oil Production","TX","Plano"
-104.99,39.7392,"Cimarex Energy","Denver, CO","Mining, Crude-Oil Production","CO","Denver"
-74.0059,40.7128,"Mutual of America Life Insurance","New York, NY","Insurance: Life, Health (Mutual)","NY","New York"
-118.244,34.0522,"Guess","Los Angeles, CA","Apparel","CA","Los Angeles"
-90.1994,38.627,"Post Holdings","St. Louis, MO","Food Consumer Products","MO","St. Louis"
-86.8025,33.5207,"HealthSouth","Birmingham, AL","Health Care: Medical Facilities","AL","Birmingham"
-94.6708,38.9822,"Ferrellgas Partners","Overland Park, KS","Energy","KS","Overland Park"
-118.244,34.0522,"KB Home","Los Angeles, CA","Homebuilders","CA","Los Angeles"
-71.0589,42.3601,"Boston Properties","Boston, MA","Real estate","MA","Boston"
-122.036,37.3688,"Trimble Navigation","Sunnyvale, CA","Scientific,Photographic and Control Equipment","CA","Sunnyvale"
-118.838,34.1706,"Teledyne Technologies","Thousand Oaks, CA","Scientific,Photographic and Control Equipment","CA","Thousand Oaks"
-84.388,33.749,"Acuity Brands","Atlanta, GA","Electronics, Electrical Equip.","GA","Atlanta"
-118.411,33.8847,"Skechers U.S.A.","Manhattan Beach, CA","Apparel","CA","Manhattan Beach"
-121.886,37.3382,"Xilinx","San Jose, CA","Semiconductors and Other Electronic Components","CA","San Jose"
-88.4626,44.1858,"Plexus","Neenah, WI","Semiconductors and Other Electronic Components","WI","Neenah"
-95.4613,30.1658,"Newfield Exploration","The Woodlands, TX","Mining, Crude-Oil Production","TX","The Woodlands"
-81.6944,41.4993,"TransDigm Group","Cleveland, OH","Aerospace and Defense","OH","Cleveland"
-86.118,39.9784,"Kar Auction Services","Carmel, IN","Wholesalers: Diversified","IN","Carmel"
-90.049,35.1495,"Mueller Industries","Memphis, TN","Industrial Machinery","TN","Memphis"
-111.891,40.7608,"Zions Bancorp.","Salt Lake City, UT","Commercial Banks","UT","Salt Lake City"
-95.1903,30.0575,"Insperity","Kingwood, TX","Diversified Outsourcing Services","TX","Kingwood"
-73.6282,41.0262,"XPO Logistics","Greenwich, CT","Transportation and Logistics","CT","Greenwich"
-88.1227,42.063,"Sears Hometown & Outlet Stores","Hoffman Estates, IL","Specialty Retailers: Other","IL","Hoffman Estates"
-87.9065,43.0389,"A.O. Smith","Milwaukee, WI","Electronics, Electrical Equip.","WI","Milwaukee"
-78.8256,35.8235,"Alliance One International","Morrisville, NC","Tobacco","NC","Morrisville"
-74.0059,40.7128,"Take-Two Interactive Software","New York, NY","Computer Software","NY","New York"
-86.1581,39.7684,"hhgregg","Indianapolis, IN","Specialty Retailers: Other","IN","Indianapolis"
-84.388,33.749,"RPC","Atlanta, GA","Oil and Gas Equipment, Services","GA","Atlanta"
-77.436,37.5407,"NewMarket","Richmond, VA","Chemicals","VA","Richmond"
-77.3861,38.9696,"Beacon Roofing Supply","Herndon, VA","Wholesalers: Diversified","VA","Herndon"
-117.795,33.6839,"Edwards Lifesciences","Irvine, CA","Medical Products and Equipment","CA","Irvine"
-66.1057,18.4663,"Triple-S Management","San Juan, PR","Health Care: Insurance and Managed Care","PR","San Juan"
-157.858,21.3069,"Hawaiian Holdings","Honolulu, HI","Airlines","HI","Honolulu"
-74.6672,40.3573,"Heartland Payment Systems","Princeton, NJ","Financial Data Services","NJ","Princeton"
-90.1994,38.627,"Belden","St. Louis, MO","Electronics, Electrical Equip.","MO","St. Louis"
-95.9928,36.154,"Magellan Midstream Partners","Tulsa, OK","Pipelines","OK","Tulsa"
-122.201,47.6104,"Outerwall","Bellevue, WA","Specialty Retailers: Other","WA","Bellevue"
-87.829,42.1275,"KapStone Paper & Packaging","Northbrook, IL","Packaging, Containers","IL","Northbrook"
-95.9928,36.154,"Alliance Holdings","Tulsa, OK","Mining, Crude-Oil Production","OK","Tulsa"
-71.1523,42.4793,"Skyworks Solutions","Woburn, MA","Semiconductors and Other Electronic Components","MA","Woburn"
-76.723,39.19,"Ciena","Hanover, MD","Network and Other Communications Equipment","MD","Hanover"
-121.757,36.9102,"Granite Construction","Watsonville, CA","Engineering, Construction","CA","Watsonville"
-79.9959,40.4406,"Education Management","Pittsburgh, PA","Education","PA","Pittsburgh"
-73.8201,41.0551,"Party City Holdings","Elmsford, NY","Specialty Retailers: Other","NY","Elmsford"
-117.795,33.6839,"HCP","Irvine, CA","Real estate","CA","Irvine"
-71.2356,42.3765,"Parexel International","Waltham, MA","Health Care: Pharmacy and Other Services","MA","Waltham"
-77.1773,38.9339,"Delta Tucker Holdings","McLean, VA","Aerospace and Defense","VA","McLean"
-115.14,36.1699,"Pinnacle Entertainment","Las Vegas, NV","Hotels, Casinos, Resorts","NV","Las Vegas"
-90.1994,38.627,"Stifel Financial","St. Louis, MO","Securities","MO","St. Louis"
-90.1009,30.4755,"Pool","Covington, LA","Wholesalers: Diversified","LA","Covington"
-90.3237,38.6426,"Olin","Clayton, MO","Chemicals","MO","Clayton"
-72.9279,41.3083,"Knights of Columbus","New Haven, CT","Insurance: Life, Health (Mutual)","CT","New Haven"
-71.2356,42.3765,"PerkinElmer","Waltham, MA","Scientific,Photographic and Control Equipment","MA","Waltham"
-72.9106,41.5084,"Alexion Pharmaceuticals","Cheshire, CT","Pharmaceuticals","CT","Cheshire"
-104.988,39.6478,"IHS","Englewood, CO","Financial Data Services","CO","Englewood"
-95.3698,29.7604,"Oil States International","Houston, TX","Oil and Gas Equipment, Services","TX","Houston"
-91.0432,41.4245,"HNI","Muscatine, IA","Home Equipment, Furnishings","IA","Muscatine"
-122.084,37.3861,"LinkedIn","Mountain View, CA","Internet Services and Retailing","CA","Mountain View"
-83.6875,43.0125,"Diplomat Pharmacy","Flint, MI","Food and Drug Stores","MI","Flint"
-121.886,37.3382,"Brocade Communications Systems","San Jose, CA","Network and Other Communications Equipment","CA","San Jose"
-122.671,45.4207,"Greenbrier Cos.","Lake Oswego, OR","Transportation Equipment","OR","Lake Oswego"
-74.0059,40.7128,"AMC Networks","New York, NY","Entertainment","NY","New York"
-87.6298,41.8781,"Kemper","Chicago, IL","Insurance: Property and Casualty (Stock)","IL","Chicago"
-84.388,33.749,"Ocwen Financial","Atlanta, GA","Diversified Financials","GA","Atlanta"
-118.255,34.1425,"Public Storage","Glendale, CA","zMiscellaneous","CA","Glendale"
-122.156,37.7249,"TriNet Group","San Leandro, CA","Diversified Outsourcing Services","CA","San Leandro"
-75.1652,39.9526,"Chemtura","Philadelphia, PA","Chemicals","PA","Philadelphia"
-122.201,47.6104,"Symetra Financial","Bellevue, WA","Insurance: Life, Health (stock)","WA","Bellevue"
-83.3527,42.3684,"Tower International","Livonia, MI","Motor Vehicles and Parts","MI","Livonia"
-111.926,33.4942,"Meritage Homes","Scottsdale, AZ","Homebuilders","AZ","Scottsdale"
-104.99,39.7392,"MarkWest Energy Partners","Denver, CO","Pipelines","CO","Denver"
-122.289,38.0171,"Bio-Rad Laboratories","Hercules, CA","Medical Products and Equipment","CA","Hercules"
-122.444,47.2529,"TrueBlue","Tacoma, WA","Temporary Help","WA","Tacoma"
-95.3698,29.7604,"Cabot Oil & Gas","Houston, TX","Mining, Crude-Oil Production","TX","Houston"
-75.9652,40.3295,"Carpenter Technology","Wyomissing, PA","Metals","PA","Wyomissing"
-93.2983,44.8408,"Toro","Bloomington, MN","Construction and Farm Machinery","MN","Bloomington"
-93.7113,41.5772,"American Equity Investment Life Holding","West Des Moines, IA","Insurance: Life, Health (stock)","IA","West Des Moines"
-82.9988,39.9612,"Express","Columbus, OH","Specialty Retailers: Apparel","OH","Columbus"
-77.6109,43.161,"Eastman Kodak","Rochester, NY","Scientific,Photographic and Control Equipment","NY","Rochester"
-73.7176,40.7707,"Hain Celestial Group","Lake Success, NY","Food Consumer Products","NY","Lake Success"
-97.015,32.9546,"Nationstar Mortgage Holdings","Coppell, TX","Diversified Financials","TX","Coppell"
-87.8406,42.2586,"IDEX","Lake Forest, IL","Industrial Machinery","IL","Lake Forest"
-66.0602,18.4294,"Popular","Hato Rey, PR","Commercial Banks","PR","Hato Rey"
-95.998,41.2524,"Werner Enterprises","Omaha, NE","Trucking, Truck Leasing","NE","Omaha"
-122.201,47.6104,"Esterline Technologies","Bellevue, WA","Aerospace and Defense","WA","Bellevue"
-122.036,37.3688,"Intuitive Surgical","Sunnyvale, CA","Medical Products and Equipment","CA","Sunnyvale"
-86.1581,39.7684,"Allison Transmission Holdings","Indianaoplis, IN","Motor Vehicles and Parts","IN","Indianaoplis"
-95.9928,36.154,"SemGroup","Tulsa, OK","Pipelines","OK","Tulsa"
-115.14,36.1699,"Southwest Gas","Las Vegas, NV","Utilities: Gas and Electric","NV","Las Vegas"
-74.0059,40.7128,"G-III Apparel Group","New York, NY","Apparel","NY","New York"
-78.7378,42.9639,"National Fuel Gas","Williamsville, NY","Utilities: Gas and Electric","NY","Williamsville"
-93.09,44.9537,"H.B. Fuller","St. Paul, MN","Chemicals","MN","St. Paul"
-75.1285,40.1784,"Penn Mutual Life Insurance","Horsham, PA","Insurance: Life, Health (stock)","PA","Horsham"
-74.0059,40.7128,"RCS Capital","New York, NY","Securities","NY","New York"
-122.676,45.5231,"Columbia Sportswear","Portland, OR","Apparel","OR","Portland"
-71.4418,41.911,"Amica Mutual Insurance","Lincoln, RI","Insurance: Property and Casualty (Mutual)","RI","Lincoln"
-96.797,32.7767,"Primoris Services","Dallas, TX","Engineering, Construction","TX","Dallas"
-86.8025,33.5207,"Energen","Birmingham, AL","Mining, Crude-Oil Production","AL","Birmingham"
-87.9065,43.0389,"Rexnord","Milwaukee, WI","Industrial Machinery","WI","Milwaukee"
-97.5164,35.4676,"Seventy Seven Energy","Oklahoma City, OK","Oil and Gas Equipment, Services","OK","Oklahoma City"
-95.4613,30.1658,"Waste Connections","The Woodlands, TX","Waste Management","TX","The Woodlands"
-75.1652,39.9526,"Pep Boys-Manny, Moe & Jack","Philadelphia, PA","Specialty Retailers: Other","PA","Philadelphia"
-76.92,40.2398,"Harsco","Camp Hill, PA","Metals","PA","Camp Hill"
-74.0643,40.3471,"Hovnanian Enterprises","Red Bank, NJ","Homebuilders","NJ","Red Bank"
-95.3698,29.7604,"Willbros Group","Houston, TX","Oil and Gas Equipment, Services","TX","Houston"
-83.1141,40.0992,"Wendy's","Dublin, OH","Food Services","OH","Dublin"
-115.14,36.1699,"International Game Technology","Las Vegas, NV","Industrial Machinery","NV","Las Vegas"
-122.084,37.3861,"Synopsys","Mountain View, CA","Computer Software","CA","Mountain View"
-73.7629,41.034,"Universal American","White Plains, NY","Health Care: Insurance and Managed Care","NY","White Plains"
-87.979,41.9634,"AAR","Wood Dale, IL","Aerospace and Defense","IL","Wood Dale"
-74.7524,41.1465,"Selective Insurance Group","Branchville, NJ","Insurance: Property and Casualty (Stock)","NJ","Branchville"
-73.5387,41.0534,"Gartner","Stamford, CT","Information Technology Services","CT","Stamford"
-74.0059,40.7128,"E*Trade Financial","New York, NY","Securities","NY","New York"
